,MP,FG,FGA,FG%,3P,3PA,3P%,FT,FTA,FT%,ORB,DRB,TRB,AST,STL,BLK,TOV,PF,PTS,+/-,Date
Wesley Johnson,37:21,7,14,.500,1,3,.333,0,0,,0,6,6,0,0,0,2,3,15,-14,2/11/2014
Chris Kaman,36:44,11,24,.458,0,0,,3,3,1.000,4,10,14,4,1,3,3,3,25,-5,2/11/2014
Steve Blake,36:25,2,11,.182,1,4,.250,0,0,,2,3,5,8,2,0,1,2,5,-3,2/11/2014
Shawne Williams,36:13,4,8,.500,2,4,.500,1,2,.500,1,5,6,0,0,2,0,3,11,-10,2/11/2014
Steve Nash,16:35,1,4,.250,0,2,.000,0,0,,0,1,1,2,0,0,0,0,2,-6,2/11/2014
Kendall Marshall,31:59,3,13,.231,0,3,.000,1,1,1.000,1,2,3,7,3,0,4,1,7,-13,2/11/2014
Ryan Kelly,17:54,1,1,1.000,0,0,,1,3,.333,1,0,1,0,0,1,0,0,3,-4,2/11/2014
Jordan Hill,17:23,2,6,.333,0,0,,3,4,.750,0,1,1,0,0,0,0,2,7,-20,2/11/2014
Robert Sacre,9:26,2,4,.500,0,0,,0,0,,1,2,3,0,0,1,1,1,4,-10,2/11/2014
Nick Young,Did Not Dress,,,,,,,,,,,,,,,,,,,,2/11/2014
Jodie Meeks,Did Not Dress,,,,,,,,,,,,,,,,,,,,2/11/2014
Pau Gasol,Did Not Dress,,,,,,,,,,,,,,,,,,,,2/11/2014
Jordan Farmar,Did Not Dress,,,,,,,,,,,,,,,,,,,,2/11/2014
Team Totals,240,33,85,.388,4,16,.250,9,13,.692,10,30,40,21,6,7,11,15,79,,2/11/2014
Trey Burke,38:47,2,19,.105,0,11,.000,4,4,1.000,1,2,3,5,2,1,1,4,8,-19,1/2/2015
Gordon Hayward,35:25,6,14,.429,2,3,.667,4,5,.800,1,2,3,3,0,0,0,4,18,-15,1/2/2015
Derrick Favors,30:21,2,7,.286,0,0,,4,8,.500,2,9,11,1,0,2,2,1,8,-13,1/2/2015
Enes Freedom,22:03,5,12,.417,0,0,,1,1,1.000,3,3,6,0,0,0,2,1,11,-15,1/2/2015
Patrick Christopher,5:27,0,1,.000,0,0,,0,0,,1,0,1,0,0,0,1,0,0,-11,1/2/2015
Rudy Gobert,24:06,3,3,1.000,0,0,,5,6,.833,2,5,7,1,0,4,0,2,11,+14,1/2/2015
Dante Exum,22:28,5,9,.556,3,7,.429,0,0,,2,0,2,2,3,0,1,3,13,+17,1/2/2015
Ian Clark,21:18,2,8,.250,1,5,.200,0,0,,1,1,2,4,0,0,1,1,5,-5,1/2/2015
Joe Ingles,20:35,3,4,.750,2,2,1.000,0,0,,0,3,3,1,1,2,4,1,8,+15,1/2/2015
Trevor Booker,19:13,4,9,.444,2,3,.667,0,0,,4,5,9,1,0,0,2,1,10,+3,1/2/2015
Steve Novak,0:17,0,0,,0,0,,0,0,,0,0,0,0,0,0,0,0,0,-1,1/2/2015
Rodney Hood,Did Not Dress,,,,,,,,,,,,,,,,,,,,1/2/2015
Jeremy Evans,Did Not Play,,,,,,,,,,,,,,,,,,,,1/2/2015
Team Totals,240,32,86,.372,10,31,.323,18,24,.750,17,30,47,18,6,9,14,18,92,,1/2/2015
Evan Fournier,39:14,6,15,.400,3,8,.375,7,7,1.000,1,1,2,3,1,0,3,5,22,+5,4/3/2016
Victor Oladipo,38:48,9,18,.500,0,4,.000,4,5,.800,2,3,5,2,3,1,0,4,22,+2,4/3/2016
Elfrid Payton,31:25,2,8,.250,0,1,.000,3,3,1.000,2,0,2,11,0,0,1,0,7,+1,4/3/2016
Aaron Gordon,28:47,5,11,.455,1,3,.333,3,4,.750,4,6,10,3,1,1,0,1,14,+5,4/3/2016
Dewayne Dedmon,12:31,4,4,1.000,0,0,,0,1,.000,1,2,3,0,0,0,1,2,8,+5,4/3/2016
Nikola Vučević,32:13,10,19,.526,0,0,,5,7,.714,3,9,12,3,2,1,3,3,25,+12,4/3/2016
Andrew Nicholson,19:13,3,5,.600,3,4,.750,1,2,.500,0,6,6,1,1,0,0,1,10,+7,4/3/2016
Mario Hezonja,17:58,2,4,.500,1,3,.333,0,0,,0,0,0,2,2,0,2,1,5,+17,4/3/2016
Brandon Jennings,16:35,2,5,.400,2,3,.667,0,0,,0,3,3,2,0,0,0,1,6,+11,4/3/2016
Jason Smith,3:16,0,1,.000,0,0,,0,0,,0,0,0,0,0,0,0,3,0,-5,4/3/2016
Shabazz Napier,Did Not Play,,,,,,,,,,,,,,,,,,,,4/3/2016
Devyn Marble,Did Not Play,,,,,,,,,,,,,,,,,,,,4/3/2016
Ersan İlyasova,Did Not Play,,,,,,,,,,,,,,,,,,,,4/3/2016
Team Totals,240,43,90,.478,10,26,.385,23,29,.793,13,30,43,27,10,3,10,21,119,,4/3/2016
Klay Thompson,30:16,5,12,.417,3,5,.600,2,2,1.000,0,0,0,1,0,1,2,1,15,+14,12/27/2017
Kevin Durant,29:03,7,10,.700,2,3,.667,5,5,1.000,0,6,6,4,0,3,2,3,21,+22,12/27/2017
Draymond Green,24:42,6,10,.600,2,5,.400,0,0,,0,8,8,8,0,0,3,1,14,+6,12/27/2017
Shaun Livingston,20:14,4,7,.571,0,0,,0,0,,0,2,2,3,2,1,1,0,8,+7,12/27/2017
Zaza Pachulia,13:44,2,2,1.000,0,0,,1,1,1.000,0,1,1,2,1,0,2,0,5,+5,12/27/2017
Nick Young,22:02,6,9,.667,3,4,.750,0,0,,0,1,1,1,0,0,0,1,15,+10,12/27/2017
Jordan Bell,21:53,2,6,.333,0,0,,1,3,.333,2,11,13,7,1,0,1,4,5,+17,12/27/2017
Patrick McCaw,20:25,7,10,.700,1,3,.333,3,4,.750,1,3,4,0,1,0,1,0,18,+17,12/27/2017
Andre Iguodala,19:45,1,7,.143,0,2,.000,1,2,.500,1,5,6,7,1,0,0,1,3,+22,12/27/2017
Omri Casspi,15:01,5,5,1.000,0,0,,0,0,,0,4,4,2,1,0,2,1,10,+7,12/27/2017
David West,12:23,3,4,.750,0,0,,0,0,,0,4,4,2,1,0,1,3,6,+3,12/27/2017
Kevon Looney,6:02,0,0,,0,0,,0,0,,0,0,0,0,0,0,1,2,0,-3,12/27/2017
JaVale McGee,4:29,3,4,.750,0,1,.000,0,0,,0,1,1,0,0,2,0,1,6,-2,12/27/2017
Team Totals,240,51,86,.593,11,23,.478,13,17,.765,4,46,50,37,8,7,16,18,126,,12/27/2017
Evan Fournier,33:31,6,15,.400,1,8,.125,2,3,.667,1,4,5,4,0,0,0,4,15,+8,11/17/2018
Nikola Vučević,31:22,15,23,.652,2,5,.400,4,5,.800,4,9,13,0,2,0,3,1,36,+12,11/17/2018
Aaron Gordon,29:22,5,13,.385,1,2,.500,1,2,.500,3,3,6,3,2,0,1,1,12,+11,11/17/2018
D.J. Augustin,27:07,7,9,.778,3,3,1.000,5,5,1.000,0,1,1,7,0,0,2,2,22,+9,11/17/2018
Wes Iwundu,20:03,0,2,.000,0,2,.000,0,0,,0,0,0,1,0,2,1,3,0,+4,11/17/2018
Jonathon Simmons,26:03,5,10,.500,0,2,.000,2,3,.667,1,4,5,6,0,0,0,2,12,+9,11/17/2018
Jerian Grant,19:14,1,4,.250,1,3,.333,0,0,,1,1,2,3,1,0,1,0,3,+2,11/17/2018
Jonathan Isaac,16:54,3,5,.600,1,2,.500,0,0,,1,4,5,1,0,5,2,1,7,+4,11/17/2018
Terrence Ross,16:18,4,5,.800,2,2,1.000,3,3,1.000,0,2,2,0,0,0,2,5,13,+9,11/17/2018
Mo Bamba,14:54,3,6,.500,0,3,.000,2,2,1.000,0,1,1,1,0,1,1,3,8,+3,11/17/2018
Jarell Martin,1:44,1,1,1.000,0,0,,0,0,,0,1,1,0,0,0,0,0,2,-2,11/17/2018
Khem Birch,1:44,0,0,,0,0,,0,0,,0,0,0,0,0,0,0,1,0,-2,11/17/2018
Isaiah Briscoe,1:44,0,0,,0,0,,0,0,,0,0,0,2,0,0,0,0,0,-2,11/17/2018
Team Totals,240,50,93,.538,11,32,.344,19,23,.826,11,30,41,28,5,8,13,23,130,,11/17/2018
Nikola Vučević,31:37,10,15,.667,2,3,.667,6,6,1.000,4,6,10,9,0,2,3,2,28,+14,11/18/2018
Evan Fournier,29:34,7,10,.700,2,4,.500,3,4,.750,0,4,4,6,1,1,3,3,19,+19,11/18/2018
Aaron Gordon,29:26,13,17,.765,4,8,.500,1,2,.500,0,1,1,2,1,0,4,3,31,+13,11/18/2018
D.J. Augustin,27:39,3,4,.750,2,2,1.000,4,5,.800,0,3,3,7,0,0,2,5,12,+17,11/18/2018
Wes Iwundu,15:20,0,0,,0,0,,2,2,1.000,1,1,2,2,0,0,0,0,2,+21,11/18/2018
Jonathan Isaac,24:01,6,9,.667,1,3,.333,3,4,.750,1,3,4,3,2,1,0,1,16,+3,11/18/2018
Jonathon Simmons,22:56,3,9,.333,0,2,.000,3,3,1.000,0,3,3,2,1,0,0,2,9,-5,11/18/2018
Terrence Ross,22:43,4,13,.308,2,7,.286,0,0,,0,4,4,1,0,1,1,1,10,-9,11/18/2018
Mo Bamba,16:23,2,6,.333,0,2,.000,0,0,,1,1,2,2,0,1,1,3,4,0,11/18/2018
Isaiah Briscoe,16:20,0,0,,0,0,,0,0,,0,1,1,1,0,0,0,3,0,-2,11/18/2018
Jerian Grant,4:01,0,1,.000,0,1,.000,0,0,,0,1,1,0,0,0,1,3,0,-1,11/18/2018
Khem Birch,Did Not Play,,,,,,,,,,,,,,,,,,,,11/18/2018
Jarell Martin,Did Not Play,,,,,,,,,,,,,,,,,,,,11/18/2018
Team Totals,240,48,84,.571,13,32,.406,22,26,.846,7,28,35,35,5,6,15,26,131,,11/18/2018
Josh Richardson,39:10,4,16,.250,2,6,.333,6,6,1.000,1,2,3,4,0,0,4,2,16,-13,12/2/2018
Wayne Ellington,37:12,4,13,.308,4,9,.444,0,0,,2,5,7,1,1,0,0,4,12,-2,12/2/2018
Hassan Whiteside,34:02,11,17,.647,0,0,,1,6,.167,7,13,20,2,1,3,1,4,23,-8,12/2/2018
James Johnson,18:46,4,10,.400,1,2,.500,0,0,,1,1,2,2,1,1,2,2,9,-16,12/2/2018
Rodney McGruder,5:07,0,1,.000,0,0,,0,0,,0,0,0,0,0,0,0,0,0,-14,12/2/2018
Justise Winslow,32:05,4,9,.444,1,2,.500,0,0,,0,5,5,1,2,1,4,3,9,+14,12/2/2018
Dwyane Wade,30:26,4,15,.267,2,6,.333,5,5,1.000,0,3,3,8,1,1,1,0,15,+21,12/2/2018
Kelly Olynyk,29:10,4,8,.500,3,6,.500,5,7,.714,2,6,8,1,1,1,1,0,16,+18,12/2/2018
Bam Adebayo,14:01,1,2,.500,0,0,,0,0,,1,1,2,1,1,1,0,1,2,+10,12/2/2018
Tyler Johnson,Did Not Dress,,,,,,,,,,,,,,,,,,,,12/2/2018
Udonis Haslem,Did Not Play,,,,,,,,,,,,,,,,,,,,12/2/2018
Derrick Jones Jr.,Did Not Dress,,,,,,,,,,,,,,,,,,,,12/2/2018
Team Totals,240,36,91,.396,13,31,.419,17,24,.708,14,36,50,20,8,8,13,16,102,,12/2/2018
Trae Young,39:36,12,22,.545,3,10,.300,3,3,1.000,2,0,2,12,5,0,5,0,30,-6,11/8/2019
Jabari Parker,32:17,11,18,.611,1,5,.200,2,2,1.000,4,4,8,2,1,1,0,2,25,-5,11/8/2019
De'Andre Hunter,22:12,2,7,.286,0,2,.000,0,0,,0,2,2,2,0,0,1,1,4,-9,11/8/2019
Cam Reddish,21:44,3,8,.375,1,2,.500,0,0,,0,1,1,1,1,1,1,2,7,-16,11/8/2019
Alex Len,21:43,2,4,.500,0,0,,0,2,.000,1,6,7,0,0,3,0,2,4,-11,11/8/2019
Kevin Huerter,29:53,6,10,.600,4,7,.571,1,1,1.000,1,2,3,4,0,0,0,1,17,-1,11/8/2019
DeAndre' Bembry,24:52,2,6,.333,0,1,.000,1,2,.500,1,2,3,2,1,0,1,4,5,-3,11/8/2019
Vince Carter,16:12,2,2,1.000,0,0,,1,2,.500,1,2,3,0,0,1,0,4,5,-1,11/8/2019
Damian Jones,14:41,4,6,.667,0,1,.000,0,2,.000,1,0,1,0,0,0,2,2,8,-10,11/8/2019
Bruno Fernando,9:40,1,2,.500,0,0,,0,0,,0,3,3,0,0,0,2,1,2,+8,11/8/2019
Tyrone Wallace,7:10,1,2,.500,0,0,,0,0,,0,1,1,0,0,0,0,0,2,-6,11/8/2019
John Collins,Did Not Play,,,,,,,,,,,,,,,,,,,,11/8/2019
Team Totals,240,46,87,.529,9,28,.321,8,14,.571,11,23,34,23,8,6,12,19,109,,11/8/2019
Harrison Barnes,38:47,5,8,.625,4,6,.667,9,10,.900,1,7,8,3,1,0,3,4,23,+13,11/3/2021
De'Aaron Fox,37:49,8,14,.571,2,3,.667,1,2,.500,0,2,2,5,1,0,1,2,19,+10,11/3/2021
Tyrese Haliburton,36:36,6,11,.545,1,3,.333,7,8,.875,0,4,4,7,4,2,0,1,20,+7,11/3/2021
Maurice Harkless,32:25,1,4,.250,1,4,.250,0,0,,0,5,5,1,1,1,1,2,3,-1,11/3/2021
Richaun Holmes,16:23,6,9,.667,0,1,.000,0,0,,1,5,6,1,0,0,1,4,12,-9,11/3/2021
Davion Mitchell,26:04,6,12,.500,0,2,.000,0,0,,0,2,2,8,0,0,0,2,12,+12,11/3/2021
Buddy Hield,22:57,4,13,.308,2,10,.200,1,2,.500,2,3,5,0,1,0,0,0,11,+12,11/3/2021
Alex Len,20:39,6,9,.667,0,1,.000,0,0,,0,5,5,2,0,3,2,5,12,+16,11/3/2021
Tristan Thompson,8:19,0,0,,0,0,,0,0,,0,0,0,0,0,1,0,1,0,+5,11/3/2021
Jahmi'us Ramsey,Did Not Play,,,,,,,,,,,,,,,,,,,,11/3/2021
Marvin Bagley III,Did Not Play,,,,,,,,,,,,,,,,,,,,11/3/2021
Damian Jones,Did Not Play,,,,,,,,,,,,,,,,,,,,11/3/2021
Terence Davis,Did Not Play,,,,,,,,,,,,,,,,,,,,11/3/2021
Chimezie Metu,Did Not Play,,,,,,,,,,,,,,,,,,,,11/3/2021
Team Totals,240,42,80,.525,10,30,.333,18,22,.818,4,33,37,27,8,7,8,21,112,,11/3/2021
Harrison Barnes,37:46,6,15,.400,1,6,.167,9,11,.818,0,4,4,5,2,0,0,0,22,-14,11/7/2021
De'Aaron Fox,34:46,7,19,.368,1,3,.333,2,2,1.000,0,3,3,2,3,0,3,3,17,-14,11/7/2021
Tyrese Haliburton,33:40,7,14,.500,3,6,.500,0,0,,2,1,3,1,3,0,3,1,17,-6,11/7/2021
Richaun Holmes,27:34,2,4,.500,0,0,,7,7,1.000,1,8,9,0,0,1,2,3,11,-6,11/7/2021
Maurice Harkless,20:45,0,4,.000,0,4,.000,0,0,,0,2,2,1,2,0,0,3,0,+5,11/7/2021
Buddy Hield,31:53,6,16,.375,5,12,.417,0,0,,2,2,4,2,3,1,2,3,17,+9,11/7/2021
Davion Mitchell,28:21,1,7,.143,0,1,.000,0,0,,2,1,3,6,1,1,1,2,2,+6,11/7/2021
Alex Len,20:14,2,3,.667,0,1,.000,1,2,.500,1,4,5,3,0,3,1,2,5,+2,11/7/2021
Terence Davis,5:01,0,2,.000,0,1,.000,0,0,,0,0,0,0,0,0,0,1,0,+3,11/7/2021
Tristan Thompson,Did Not Play,,,,,,,,,,,,,,,,,,,,11/7/2021
Chimezie Metu,Did Not Play,,,,,,,,,,,,,,,,,,,,11/7/2021
Damian Jones,Did Not Play,,,,,,,,,,,,,,,,,,,,11/7/2021
Jahmi'us Ramsey,Did Not Play,,,,,,,,,,,,,,,,,,,,11/7/2021
Marvin Bagley III,Did Not Play,,,,,,,,,,,,,,,,,,,,11/7/2021
Team Totals,240,31,84,.369,10,34,.294,19,22,.864,8,25,33,20,14,6,12,18,91,,11/7/2021
De'Aaron Fox,26:54,8,13,.615,0,1,.000,1,3,.333,0,1,1,3,2,0,2,1,17,-22,11/19/2021
Harrison Barnes,25:53,3,9,.333,0,2,.000,8,8,1.000,0,1,1,3,1,0,4,4,14,-15,11/19/2021
Chimezie Metu,25:02,4,11,.364,2,5,.400,0,0,,1,8,9,0,1,1,2,0,10,-15,11/19/2021
Tyrese Haliburton,24:47,3,5,.600,2,4,.500,0,0,,1,3,4,0,3,1,1,2,8,-14,11/19/2021
Richaun Holmes,22:11,2,5,.400,0,0,,2,2,1.000,0,3,3,1,0,0,0,2,6,-11,11/19/2021
Davion Mitchell,25:42,2,10,.200,1,5,.200,0,2,.000,2,3,5,4,0,0,1,3,5,-13,11/19/2021
Buddy Hield,25:18,3,13,.231,3,12,.250,1,2,.500,1,0,1,2,0,0,1,2,10,-12,11/19/2021
Marvin Bagley III,16:37,1,4,.250,0,2,.000,2,5,.400,1,5,6,1,0,0,0,1,4,0,11/19/2021
Damian Jones,16:21,2,5,.400,0,1,.000,2,2,1.000,4,5,9,0,0,1,0,0,6,+7,11/19/2021
Terence Davis,15:27,4,7,.571,1,4,.250,0,1,.000,1,0,1,0,0,1,2,1,9,+7,11/19/2021
Tristan Thompson,9:28,0,0,,0,0,,0,0,,0,0,0,0,1,0,0,2,0,-15,11/19/2021
Jahmi'us Ramsey,3:10,0,2,.000,0,1,.000,0,0,,0,0,0,1,0,0,0,0,0,+4,11/19/2021
Robert Woodard II,3:10,0,0,,0,0,,0,0,,0,0,0,0,0,0,0,0,0,+4,11/19/2021
Alex Len,Did Not Play,,,,,,,,,,,,,,,,,,,,11/19/2021
Maurice Harkless,Did Not Play,,,,,,,,,,,,,,,,,,,,11/19/2021
Team Totals,240,32,84,.381,9,37,.243,16,25,.640,11,29,40,15,8,4,13,18,89,,11/19/2021
Tyrese Haliburton,37:00,7,13,.538,2,5,.400,1,2,.500,1,1,2,2,4,0,2,4,17,-17,11/20/2021
Harrison Barnes,35:25,7,13,.538,1,3,.333,3,6,.500,1,7,8,5,1,1,2,1,18,-5,11/20/2021
De'Aaron Fox,32:53,5,17,.294,1,3,.333,2,3,.667,0,1,1,3,0,1,1,0,13,-7,11/20/2021
Richaun Holmes,31:08,9,10,.900,0,0,,4,5,.800,4,3,7,0,0,1,0,4,22,-7,11/20/2021
Chimezie Metu,22:35,3,10,.300,1,5,.200,0,0,,0,3,3,2,1,1,0,3,7,-11,11/20/2021
Buddy Hield,30:15,6,13,.462,3,8,.375,1,1,1.000,0,3,3,3,0,0,2,1,16,-16,11/20/2021
Maurice Harkless,19:03,0,1,.000,0,1,.000,1,2,.500,0,2,2,2,2,0,0,1,1,-9,11/20/2021
Davion Mitchell,16:04,2,8,.250,1,4,.250,1,2,.500,1,1,2,2,0,0,1,0,6,-11,11/20/2021
Alex Len,12:04,2,6,.333,1,2,.500,0,0,,1,6,7,1,0,1,0,0,5,-9,11/20/2021
Damian Jones,1:46,0,0,,0,0,,0,0,,0,0,0,0,0,0,0,0,0,+1,11/20/2021
Jahmi'us Ramsey,1:46,0,0,,0,0,,0,0,,0,0,0,0,0,0,0,0,0,+1,11/20/2021
Terence Davis,Did Not Play,,,,,,,,,,,,,,,,,,,,11/20/2021
Tristan Thompson,Did Not Play,,,,,,,,,,,,,,,,,,,,11/20/2021
Marvin Bagley III,Did Not Play,,,,,,,,,,,,,,,,,,,,11/20/2021
Robert Woodard II,Did Not Play,,,,,,,,,,,,,,,,,,,,11/20/2021
Team Totals,240,41,91,.451,10,31,.323,13,21,.619,8,27,35,20,8,5,8,14,105,,11/20/2021
Harrison Barnes,40:01,4,11,.364,1,3,.333,5,6,.833,1,6,7,3,0,0,0,0,14,+8,12/19/2021
Buddy Hield,39:31,10,18,.556,7,9,.778,2,2,1.000,1,2,3,4,1,0,1,2,29,-1,12/19/2021
Tyrese Haliburton,37:10,12,19,.632,3,5,.600,0,0,,1,3,4,11,2,0,3,5,27,+4,12/19/2021
Chimezie Metu,31:28,2,8,.250,0,3,.000,5,6,.833,1,5,6,1,4,0,1,2,9,0,12/19/2021
Tristan Thompson,28:31,4,10,.400,0,0,,0,0,,3,5,8,1,0,1,3,3,8,+6,12/19/2021
Maurice Harkless,32:24,2,3,.667,0,1,.000,0,1,.000,0,2,2,1,3,0,1,3,4,+15,12/19/2021
Damian Jones,19:29,9,15,.600,2,2,1.000,3,3,1.000,4,4,8,1,0,2,1,1,23,+1,12/19/2021
Jahmi'us Ramsey,8:34,3,4,.750,1,1,1.000,0,0,,0,1,1,1,1,0,1,2,7,+5,12/19/2021
Justin Robinson,2:52,0,3,.000,0,1,.000,0,0,,0,1,1,0,0,0,0,1,0,-3,12/19/2021
Neemias Queta,Did Not Play,,,,,,,,,,,,,,,,,,,,12/19/2021
Robert Woodard II,Did Not Play,,,,,,,,,,,,,,,,,,,,12/19/2021
Team Totals,240,46,91,.505,14,25,.560,15,18,.833,11,29,40,23,11,3,11,19,121,,12/19/2021
Harrison Barnes,37:40,5,9,.556,2,5,.400,4,4,1.000,0,9,9,6,0,0,3,4,16,+6,1/14/2022
De'Aaron Fox,34:27,11,18,.611,2,4,.500,3,6,.500,0,6,6,8,2,0,4,2,27,+10,1/14/2022
Marvin Bagley III,32:51,12,20,.600,0,2,.000,2,2,1.000,4,9,13,1,0,2,1,1,26,+8,1/14/2022
Tyrese Haliburton,31:25,3,8,.375,1,6,.167,2,2,1.000,1,5,6,12,0,0,1,2,9,-3,1/14/2022
Chimezie Metu,13:09,3,4,.750,1,2,.500,0,0,,0,2,2,0,1,0,2,3,7,+7,1/14/2022
Buddy Hield,32:06,5,13,.385,4,10,.400,5,6,.833,1,5,6,1,1,0,0,2,19,+12,1/14/2022
Davion Mitchell,24:17,2,11,.182,0,4,.000,0,0,,1,3,4,2,0,2,0,2,4,+15,1/14/2022
Terence Davis,17:31,5,8,.625,3,4,.750,1,2,.500,0,0,0,1,2,1,1,2,14,+6,1/14/2022
Alex Len,11:54,1,2,.500,0,0,,0,2,.000,4,0,4,2,2,2,2,3,2,+1,1/14/2022
Neemias Queta,4:39,1,3,.333,0,0,,0,0,,2,1,3,0,0,0,0,2,2,-2,1/14/2022
Maurice Harkless,Did Not Play,,,,,,,,,,,,,,,,,,,,1/14/2022
Team Totals,240,48,96,.500,13,37,.351,17,24,.708,13,40,53,33,8,7,14,23,126,,1/14/2022
Justin Holiday,40:32,7,13,.538,6,12,.500,1,3,.333,0,1,1,3,2,2,2,1,21,-11,3/18/2022
Domantas Sabonis,36:50,12,20,.600,1,1,1.000,5,7,.714,6,14,20,5,1,1,4,3,30,-2,3/18/2022
Davion Mitchell,35:09,5,14,.357,1,4,.250,1,2,.500,0,1,1,2,1,1,4,2,12,-25,3/18/2022
Trey Lyles,31:41,5,9,.556,3,5,.600,6,6,1.000,1,5,6,4,0,1,1,1,19,-7,3/18/2022
Harrison Barnes,24:18,0,5,.000,0,2,.000,0,0,,1,1,2,1,0,0,0,1,0,-29,3/18/2022
Donte DiVincenzo,29:53,0,6,.000,0,5,.000,3,4,.750,0,2,2,8,0,0,2,1,3,-13,3/18/2022
Chimezie Metu,22:40,3,8,.375,2,5,.400,2,2,1.000,0,4,4,0,1,1,3,3,10,-12,3/18/2022
Damian Jones,11:10,1,2,.500,0,1,.000,0,0,,0,1,1,0,0,0,0,1,2,-27,3/18/2022
Maurice Harkless,4:22,0,0,,0,0,,0,0,,0,0,0,0,0,0,0,1,0,-10,3/18/2022
Josh Jackson,3:25,0,2,.000,0,1,.000,0,0,,0,0,0,0,0,0,0,0,0,-9,3/18/2022
Alex Len,Did Not Play,,,,,,,,,,,,,,,,,,,,3/18/2022
Team Totals,240,33,79,.418,13,36,.361,18,24,.750,8,29,37,23,5,6,16,14,97,,3/18/2022
Davion Mitchell,46:12,9,22,.409,4,7,.571,6,6,1.000,0,3,3,9,1,0,5,3,28,+6,3/20/2022
Harrison Barnes,41:08,7,16,.438,1,5,.200,6,8,.750,1,3,4,3,0,0,2,1,21,-6,3/20/2022
Trey Lyles,32:55,3,8,.375,2,4,.500,3,3,1.000,0,5,5,1,2,1,0,3,11,+5,3/20/2022
Domantas Sabonis,31:00,5,8,.625,1,1,1.000,7,9,.778,2,10,12,6,2,0,2,4,18,+5,3/20/2022
Justin Holiday,27:24,3,9,.333,2,7,.286,2,2,1.000,1,2,3,1,0,0,0,5,10,-10,3/20/2022
Donte DiVincenzo,28:45,4,11,.364,3,6,.500,2,2,1.000,0,1,1,3,3,0,4,2,13,+2,3/20/2022
Damian Jones,22:00,5,8,.625,1,1,1.000,2,4,.500,4,3,7,1,2,1,1,3,13,-8,3/20/2022
Chimezie Metu,20:05,1,4,.250,1,1,1.000,2,2,1.000,1,1,2,0,2,0,0,0,5,-8,3/20/2022
Jeremy Lamb,15:31,2,5,.400,1,2,.500,0,0,,0,5,5,3,0,0,1,0,5,-1,3/20/2022
Josh Jackson,Did Not Play,,,,,,,,,,,,,,,,,,,,3/20/2022
Alex Len,Did Not Play,,,,,,,,,,,,,,,,,,,,3/20/2022
Maurice Harkless,Did Not Play,,,,,,,,,,,,,,,,,,,,3/20/2022
Team Totals,265,39,91,.429,16,34,.471,30,36,.833,9,33,42,27,12,2,15,21,124,,3/20/2022
Drew Eubanks,31:26,10,12,.833,1,2,.500,0,0,,2,7,9,1,1,1,2,5,21,-7,3/30/2022
CJ Elleby,30:42,1,9,.111,1,6,.167,6,7,.857,2,5,7,3,0,0,1,2,9,-1,3/30/2022
Greg Brown III,27:20,3,5,.600,3,5,.600,0,0,,0,3,3,3,0,1,2,2,9,-12,3/30/2022
Brandon Williams,27:16,4,10,.400,2,6,.333,0,0,,1,1,2,10,1,0,6,2,10,-5,3/30/2022
Keon Johnson,22:01,2,5,.400,1,2,.500,2,3,.667,0,2,2,4,0,1,2,5,7,-18,3/30/2022
Ben McLemore,25:59,5,12,.417,3,10,.300,3,3,1.000,0,1,1,1,2,0,2,1,16,+8,3/30/2022
Kris Dunn,24:39,4,9,.444,0,0,,1,1,1.000,1,4,5,8,2,0,3,1,9,-8,3/30/2022
Keljin Blevins,22:33,2,6,.333,2,4,.500,0,0,,1,3,4,0,1,0,1,3,6,-4,3/30/2022
Reggie Perry,16:34,6,11,.545,0,2,.000,3,4,.750,4,2,6,0,0,0,1,5,15,-3,3/30/2022
Didi Louzada,11:30,2,6,.333,1,5,.200,0,0,,2,0,2,0,0,1,0,1,5,0,3/30/2022
Justise Winslow,Did Not Dress,,,,,,,,,,,,,,,,,,,,3/30/2022
Elijah Hughes,Did Not Play,,,,,,,,,,,,,,,,,,,,3/30/2022
Team Totals,240,39,85,.459,14,42,.333,15,18,.833,13,28,41,30,7,4,20,27,107,,3/30/2022
Domantas Sabonis,34:39,4,12,.333,0,3,.000,3,6,.500,3,7,10,7,2,2,1,4,11,+7,10/22/2022
Harrison Barnes,34:29,2,10,.200,0,3,.000,4,7,.571,1,6,7,0,1,0,1,2,8,+4,10/22/2022
De'Aaron Fox,32:26,15,23,.652,3,5,.600,3,6,.500,1,4,5,4,1,1,3,1,36,+5,10/22/2022
Kevin Huerter,32:26,5,9,.556,5,8,.625,3,4,.750,0,3,3,5,0,0,1,4,18,+5,10/22/2022
KZ Okpala,18:20,1,3,.333,1,2,.500,0,0,,1,2,3,1,0,0,0,1,3,+2,10/22/2022
Keegan Murray,32:48,7,10,.700,3,6,.500,2,2,1.000,1,4,5,2,0,2,2,3,19,-4,10/22/2022
Davion Mitchell,16:06,2,7,.286,0,2,.000,0,0,,0,0,0,2,0,0,1,2,4,-10,10/22/2022
Malik Monk,13:03,0,4,.000,0,2,.000,0,1,.000,0,2,2,1,1,0,2,1,0,-13,10/22/2022
Richaun Holmes,12:49,1,2,.500,0,0,,0,0,,2,1,3,0,0,0,0,2,2,-6,10/22/2022
Terence Davis,12:24,3,5,.600,2,4,.500,0,0,,0,1,1,2,0,0,1,1,8,+1,10/22/2022
Chimezie Metu,0:30,0,0,,0,0,,0,0,,0,0,0,0,0,0,0,0,0,-1,10/22/2022
Chima Moneke,Did Not Play,,,,,,,,,,,,,,,,,,,,10/22/2022
Trey Lyles,Did Not Play,,,,,,,,,,,,,,,,,,,,10/22/2022
Matthew Dellavedova,Did Not Play,,,,,,,,,,,,,,,,,,,,10/22/2022
Alex Len,Did Not Play,,,,,,,,,,,,,,,,,,,,10/22/2022
Team Totals,240,40,85,.471,14,35,.400,15,26,.577,9,30,39,24,5,5,12,21,109,,10/22/2022
Keegan Murray,39:13,7,15,.467,3,8,.375,1,1,1.000,3,3,6,0,0,0,2,1,18,-10,10/27/2022
Harrison Barnes,37:28,6,12,.500,1,4,.250,7,8,.875,0,3,3,3,1,0,2,0,20,-12,10/27/2022
De'Aaron Fox,35:25,11,19,.579,2,6,.333,3,3,1.000,1,5,6,2,1,1,3,5,27,-2,10/27/2022
Domantas Sabonis,30:52,4,6,.667,0,1,.000,3,4,.750,3,8,11,9,1,0,4,4,11,+7,10/27/2022
Kevin Huerter,19:09,3,8,.375,1,4,.250,0,0,,0,2,2,2,0,0,0,1,7,+7,10/27/2022
Malik Monk,22:01,5,9,.556,3,7,.429,2,2,1.000,0,2,2,7,0,1,1,2,15,-11,10/27/2022
Chimezie Metu,13:57,1,4,.250,0,2,.000,0,0,,0,3,3,2,0,0,0,1,2,-6,10/27/2022
Davion Mitchell,12:01,2,4,.500,1,2,.500,2,2,1.000,0,1,1,1,1,0,0,0,7,-13,10/27/2022
Terence Davis,10:52,1,5,.200,1,4,.250,0,0,,0,2,2,1,1,0,1,1,3,-14,10/27/2022
Richaun Holmes,8:24,0,0,,0,0,,0,0,,0,1,1,0,0,0,0,3,0,-12,10/27/2022
Chima Moneke,6:18,0,1,.000,0,0,,0,2,.000,2,0,2,1,0,0,0,2,0,-9,10/27/2022
Alex Len,3:12,0,0,,0,0,,0,0,,0,1,1,0,0,0,0,0,0,0,10/27/2022
Matthew Dellavedova,0:34,0,0,,0,0,,0,0,,0,0,0,0,0,0,0,0,0,0,10/27/2022
KZ Okpala,0:34,0,0,,0,0,,0,0,,0,0,0,0,0,0,0,0,0,0,10/27/2022
Trey Lyles,Did Not Play,,,,,,,,,,,,,,,,,,,,10/27/2022
Team Totals,240,40,83,.482,12,38,.316,18,22,.818,9,31,40,28,5,2,13,20,110,,10/27/2022
Domantas Sabonis,40:44,12,19,.632,2,2,1.000,2,5,.400,5,18,23,7,1,0,1,4,28,+6,12/19/2022
De'Aaron Fox,33:43,14,25,.560,2,5,.400,7,9,.778,1,4,5,2,0,0,2,5,37,-20,12/19/2022
Kevin Huerter,31:47,3,11,.273,3,8,.375,0,2,.000,1,2,3,1,0,0,0,5,9,+6,12/19/2022
Keegan Murray,31:02,4,9,.444,3,5,.600,0,2,.000,0,1,1,0,1,1,0,4,11,+8,12/19/2022
Harrison Barnes,29:29,3,7,.429,0,2,.000,5,8,.625,0,3,3,3,2,0,1,1,11,+2,12/19/2022
Malik Monk,24:51,4,13,.308,1,6,.167,3,4,.750,0,1,1,4,0,0,2,1,12,-4,12/19/2022
Davion Mitchell,21:04,3,4,.750,1,2,.500,0,0,,1,0,1,5,1,0,0,0,7,+1,12/19/2022
Terence Davis,14:43,1,4,.250,0,3,.000,0,1,.000,0,0,0,1,3,0,0,1,2,-11,12/19/2022
Neemias Queta,7:16,1,3,.333,0,0,,0,0,,2,2,4,0,0,1,1,0,2,-12,12/19/2022
Trey Lyles,5:20,0,0,,0,0,,0,0,,0,1,1,0,0,0,1,2,0,-6,12/19/2022
Matthew Dellavedova,Did Not Play,,,,,,,,,,,,,,,,,,,,12/19/2022
Chimezie Metu,Did Not Play,,,,,,,,,,,,,,,,,,,,12/19/2022
Richaun Holmes,Did Not Play,,,,,,,,,,,,,,,,,,,,12/19/2022
KZ Okpala,Did Not Play,,,,,,,,,,,,,,,,,,,,12/19/2022
Alex Len,Did Not Play,,,,,,,,,,,,,,,,,,,,12/19/2022
Team Totals,240,45,95,.474,12,33,.364,17,31,.548,10,32,42,23,8,2,8,23,119,,12/19/2022
Harrison Barnes,39:08,3,7,.429,1,4,.250,4,4,1.000,1,1,2,2,0,0,2,1,11,-1,1/20/2023
De'Aaron Fox,38:18,10,23,.435,2,6,.333,3,7,.429,0,4,4,2,0,0,1,3,25,+3,1/20/2023
Domantas Sabonis,37:47,5,9,.556,0,1,.000,8,8,1.000,4,10,14,14,0,0,6,3,18,+4,1/20/2023
Keegan Murray,37:20,10,12,.833,5,7,.714,4,4,1.000,3,11,14,1,0,0,2,1,29,+10,1/20/2023
Kevin Huerter,34:38,6,13,.462,2,7,.286,0,0,,2,4,6,1,0,1,2,2,14,+6,1/20/2023
Malik Monk,15:40,1,6,.167,0,5,.000,3,3,1.000,0,3,3,5,0,1,2,2,5,-2,1/20/2023
Trey Lyles,13:38,2,9,.222,1,5,.200,2,2,1.000,1,4,5,0,0,0,0,0,7,-2,1/20/2023
Davion Mitchell,11:25,2,4,.500,1,2,.500,0,0,,0,2,2,0,1,0,0,2,5,+6,1/20/2023
Chimezie Metu,10:13,2,3,.667,0,0,,0,0,,2,1,3,0,0,0,0,3,4,+1,1/20/2023
KZ Okpala,1:53,0,1,.000,0,1,.000,0,0,,0,0,0,0,0,0,0,0,0,0,1/20/2023
Terence Davis,Did Not Play,,,,,,,,,,,,,,,,,,,,1/20/2023
PJ Dozier,Did Not Play,,,,,,,,,,,,,,,,,,,,1/20/2023
Matthew Dellavedova,Did Not Play,,,,,,,,,,,,,,,,,,,,1/20/2023
Alex Len,Did Not Play,,,,,,,,,,,,,,,,,,,,1/20/2023
Richaun Holmes,Did Not Play,,,,,,,,,,,,,,,,,,,,1/20/2023
Team Totals,240,41,87,.471,12,38,.316,24,28,.857,13,40,53,25,1,2,15,17,118,,1/20/2023
Keegan Murray,41:26,4,9,.444,3,8,.375,2,2,1.000,1,3,4,1,0,1,0,2,13,-3,1/21/2023
De'Aaron Fox,38:13,11,19,.579,0,2,.000,9,10,.900,0,4,4,9,2,0,1,2,31,+3,1/21/2023
Harrison Barnes,37:56,8,13,.615,6,9,.667,5,7,.714,1,3,4,1,0,0,0,2,27,+6,1/21/2023
Domantas Sabonis,37:41,7,10,.700,0,1,.000,2,4,.500,1,8,9,10,0,0,4,3,16,-2,1/21/2023
Kevin Huerter,30:44,8,12,.667,2,4,.500,2,2,1.000,1,2,3,3,3,0,0,4,20,+12,1/21/2023
Malik Monk,20:15,3,10,.300,1,5,.200,2,2,1.000,0,2,2,3,1,2,0,3,9,-8,1/21/2023
Davion Mitchell,11:52,1,4,.250,1,3,.333,0,0,,0,0,0,1,0,0,0,2,3,-7,1/21/2023
Trey Lyles,11:26,1,3,.333,0,1,.000,0,2,.000,0,1,1,0,0,0,0,1,2,-10,1/21/2023
Richaun Holmes,5:33,2,2,1.000,0,0,,0,0,,0,1,1,0,0,2,0,0,4,-2,1/21/2023
Chimezie Metu,4:41,1,2,.500,0,0,,0,0,,0,0,0,0,0,0,2,1,2,+4,1/21/2023
KZ Okpala,0:11,0,0,,0,0,,0,0,,0,1,1,0,0,0,1,0,0,-3,1/21/2023
Alex Len,0:02,0,0,,0,0,,0,0,,0,0,0,0,0,0,0,0,0,0,1/21/2023
PJ Dozier,Did Not Play,,,,,,,,,,,,,,,,,,,,1/21/2023
Matthew Dellavedova,Did Not Play,,,,,,,,,,,,,,,,,,,,1/21/2023
Terence Davis,Did Not Play,,,,,,,,,,,,,,,,,,,,1/21/2023
Team Totals,240,46,84,.548,13,33,.394,22,29,.759,4,25,29,28,6,5,8,20,127,,1/21/2023
