,Team,IP,H,R,ER,BB,SO,HR,ERA,BF,Pit,Str,Ctct,StS,StL,GB,FB,LD,Unk,GSc,IR,IS,WPA,aLI,cWPA,acLI,RE24,Date
Barry Zito,San Francisco Giants,4,8,6,6,4,3,1,5.28,23,87,50,28,10,12,6,10,4,0,21,,,-0.406,1.03,-0.01%,0.04,-3.9,7/27/2007
Kevin Correia,San Francisco Giants,1.1,2,1,1,1,2,1,4.21,7,27,15,7,4,4,1,3,1,0,,0,0,-0.138,0.59,-0.00%,0.02,-0.5,7/27/2007
"Vinnie Chulk, W (4-2)",San Francisco Giants,0.2,0,0,0,1,0,0,3.35,3,10,5,3,1,1,0,2,0,0,,1,0,0.059,1.80,0.00%,0.08,0.6,7/27/2007
Jonathan Sánchez,San Francisco Giants,1.2,2,1,1,1,1,0,4.45,8,32,19,13,3,3,2,4,1,0,,0,0,0.017,0.52,0.00%,0.02,-0.3,7/27/2007
Randy Messenger,San Francisco Giants,1.1,3,2,2,0,1,0,2.15,7,22,15,10,2,3,4,2,0,0,,1,0,0.027,1.04,0.00%,0.05,-1.1,7/27/2007
San Francisco Giants Totals,San Francisco Giants,9,15,10,10,7,7,2,10.00,48,178,104,61,20,23,13,21,6,0,21,2,0,-0.441,0.92,-0.01%,0.04,-5.2,7/27/2007
Matt Cain,San Francisco Giants,7,6,3,3,2,7,1,4.02,29,121,74,46,8,20,8,12,3,0,58,,,0.007,0.84,0.00%,0.04,0.7,7/28/2007
Vinnie Chulk,San Francisco Giants,1,0,0,0,0,2,0,3.27,3,13,9,3,2,4,0,1,0,0,,0,0,0.056,0.72,0.00%,0.04,0.5,7/28/2007
"Jack Taschner, W (2-0)",San Francisco Giants,1,0,0,0,0,2,0,5.71,3,16,10,5,2,3,0,1,0,0,,0,0,0.041,0.54,0.00%,0.03,0.5,7/28/2007
San Francisco Giants Totals,San Francisco Giants,9,6,3,3,2,11,1,3.00,35,150,93,54,12,27,8,14,3,0,58,0,0,0.104,0.81,0.00%,0.04,1.8,7/28/2007
Braden Looper,St. Louis Cardinals,7.1,4,0,0,0,6,0,4.09,26,101,62,34,7,21,10,9,3,0,76,,,0.436,1.09,0.20%,0.83,3.5,9/5/2008
"Russ Springer, H (13)",St. Louis Cardinals,0.2,0,0,0,1,0,0,2.42,3,12,6,3,0,3,1,1,0,0,,1,0,0.127,3.89,0.06%,2.93,0.5,9/5/2008
"Chris Perez, BS (4)",St. Louis Cardinals,1,1,1,1,0,2,1,3.57,4,20,13,7,3,3,1,1,0,0,,0,0,-0.201,2.03,-0.09%,1.53,-0.5,9/5/2008
"Ryan Franklin, L (5-6)",St. Louis Cardinals,1.1,2,2,2,0,0,0,3.90,6,23,17,11,1,5,5,1,0,0,,0,0,-0.048,2.49,-0.02%,1.87,-0.2,9/5/2008
Ron Villone,St. Louis Cardinals,0.1,0,0,0,0,0,0,5.11,1,8,5,3,1,1,0,1,0,0,,2,0,0.185,5.19,0.08%,3.91,0.7,9/5/2008
Jason Motte,St. Louis Cardinals,0.1,2,1,0,0,1,0,0.00,3,10,7,3,2,2,1,1,1,0,,2,2,-0.459,2.14,-0.21%,1.62,-2.5,9/5/2008
St. Louis Cardinals Totals,St. Louis Cardinals,11,9,4,3,1,9,1,2.45,43,174,110,61,14,35,18,14,4,0,76,5,2,0.040,1.74,0.02%,1.31,1.5,9/5/2008
"Todd Wellemeyer, W (12-6)",St. Louis Cardinals,8,5,3,3,1,7,2,3.74,30,119,71,39,9,23,9,13,5,0,66,,,0.209,1.29,0.05%,0.54,1.0,9/6/2008
"Randy Flores, H (13)",St. Louis Cardinals,0.1,0,0,0,0,0,0,4.50,1,1,1,1,0,0,1,0,0,0,,0,0,0.038,1.50,0.01%,0.62,0.2,9/6/2008
"Ryan Franklin, S (15)",St. Louis Cardinals,0.2,0,0,0,0,1,0,3.86,3,15,9,4,2,3,1,0,0,0,,0,0,0.035,1.42,0.01%,0.59,0.3,9/6/2008
St. Louis Cardinals Totals,St. Louis Cardinals,9,5,3,3,1,8,2,3.00,34,135,81,44,11,26,11,13,5,0,66,0,0,0.282,1.31,0.07%,0.54,1.5,9/6/2008
"Matt Palmer, W (8-1)",Los Angeles Angels of Anaheim,5,4,2,2,3,4,1,4.68,22,94,54,28,7,19,7,8,1,0,52,,,-0.012,0.75,-0.01%,1.05,0.7,7/25/2009
Justin Speier,Los Angeles Angels of Anaheim,1,2,0,0,0,1,0,4.95,5,17,11,7,2,2,1,3,2,0,,0,0,0.008,0.35,0.01%,0.49,0.5,7/25/2009
Shane Loux,Los Angeles Angels of Anaheim,1,4,3,1,0,0,0,5.23,7,22,15,10,0,5,3,4,2,0,,0,0,-0.022,0.28,-0.02%,0.39,-2.5,7/25/2009
Darren Oliver,Los Angeles Angels of Anaheim,1,0,0,0,0,2,0,2.72,3,10,8,3,0,5,1,0,0,0,,0,0,0.026,0.33,0.02%,0.46,0.5,7/25/2009
Robert Mosebach,Los Angeles Angels of Anaheim,1,2,0,0,0,0,0,0.00,5,18,10,6,1,3,3,2,0,0,,0,0,0.003,0.10,0.00%,0.14,0.5,7/25/2009
Los Angeles Angels of Anaheim Totals,Los Angeles Angels of Anaheim,9,12,5,3,3,7,1,3.00,42,161,98,54,10,34,15,17,5,0,52,0,0,0.003,0.52,0.00%,0.73,-0.2,7/25/2009
"Jason Schmidt, L (1-1)",Los Angeles Dodgers,3,5,5,4,1,1,1,7.88,15,51,31,21,4,6,6,6,3,0,31,,,-0.293,0.94,-0.07%,0.40,-3.6,7/26/2009
Jeff Weaver,Los Angeles Dodgers,3,4,3,3,2,2,0,3.86,16,56,36,21,4,11,6,5,1,0,,0,0,-0.050,0.09,-0.01%,0.04,-1.6,7/26/2009
Claudio Vargas,Los Angeles Dodgers,2,1,0,0,0,2,0,1.00,8,34,22,12,2,8,1,4,2,0,,0,0,0.017,0.16,0.00%,0.07,0.9,7/26/2009
Ramón Troncoso,Los Angeles Dodgers,1,1,0,0,0,0,0,1.92,4,13,10,6,1,3,2,2,1,0,,0,0,0.003,0.05,0.00%,0.03,0.5,7/26/2009
Los Angeles Dodgers Totals,Los Angeles Dodgers,9,11,8,7,3,5,1,7.00,43,154,99,60,11,28,15,17,7,0,31,0,0,-0.323,0.40,-0.08%,0.17,-3.7,7/26/2009
"Kevin Correia, L (8-10)",San Diego Padres,5.2,10,5,5,2,2,2,4.46,28,95,60,36,6,18,7,17,9,0,29,,,-0.289,0.44,0.00%,0.00,-3.0,8/22/2009
Joe Thatcher,San Diego Padres,0.1,0,0,0,0,0,0,3.13,1,4,3,1,0,2,1,0,0,0,,3,0,0.010,0.39,0.00%,0.00,0.7,8/22/2009
Luis Perdomo,San Diego Padres,1.2,3,2,2,3,2,1,4.68,11,42,22,16,2,4,3,3,1,0,,0,0,-0.003,0.09,0.00%,0.00,-0.6,8/22/2009
Ryan Webb,San Diego Padres,1.1,1,0,0,0,1,0,4.91,5,20,12,7,3,2,1,3,2,0,,2,1,-0.003,0.02,0.00%,0.00,-0.1,8/22/2009
San Diego Padres Totals,San Diego Padres,9,14,7,7,5,5,3,7.00,45,161,97,60,11,26,12,23,12,0,29,5,1,-0.285,0.30,0.00%,0.00,-3.0,8/22/2009
"Barry Zito, W (3-0)",San Francisco Giants,8,3,0,0,3,10,0,1.32,28,114,72,40,14,18,11,4,0,0,83,,,0.536,1.17,0.35%,1.28,3.8,4/24/2010
"Brian Wilson, S (4)",San Francisco Giants,1,1,0,0,0,0,0,0.00,4,16,11,7,1,3,3,1,0,0,,0,0,0.069,0.99,0.05%,1.09,0.5,4/24/2010
San Francisco Giants Totals,San Francisco Giants,9,4,0,0,3,10,0,0.00,32,130,83,47,15,21,14,5,0,0,83,0,0,0.605,1.15,0.40%,1.26,4.3,4/24/2010
Joe Saunders,Arizona Diamondbacks,5,6,2,2,2,6,0,4.54,24,90,54,34,7,13,6,10,2,0,51,,,0.004,1.14,0.00%,0.00,0.6,9/26/2010
Leo Rosales,Arizona Diamondbacks,1,2,0,0,0,1,0,7.20,4,8,8,3,2,3,1,2,1,0,,0,0,0.056,1.28,0.00%,0.00,0.5,9/26/2010
Blaine Boyer,Arizona Diamondbacks,1,0,0,0,0,0,0,4.39,3,18,10,8,0,2,1,2,1,0,,0,0,0.057,0.74,0.00%,0.00,0.5,9/26/2010
"Sam Demel, W (2-1)",Arizona Diamondbacks,1,2,2,2,0,1,1,5.30,5,15,11,6,1,4,2,2,1,0,,0,0,-0.168,0.86,0.00%,0.00,-1.5,9/26/2010
"J.C. Gutiérrez, S (14)",Arizona Diamondbacks,1,1,0,0,0,0,0,5.17,4,12,8,6,0,2,2,2,0,0,,0,0,0.165,2.32,0.00%,0.00,0.5,9/26/2010
Arizona Diamondbacks Totals,Arizona Diamondbacks,9,11,4,4,2,8,1,4.00,40,143,91,57,10,24,12,18,5,0,51,0,0,0.114,1.21,0.00%,0.00,0.6,9/26/2010
"Matt Cain, W (2-0)",San Francisco Giants,7.2,4,0,0,2,2,0,0.00,29,102,66,33,9,24,8,17,4,0,71,,,0.475,1.38,13.89%,73.28,3.5,10/28/2010
"Javier López, H (6)",San Francisco Giants,0.1,0,0,0,0,0,0,1.59,1,2,2,1,0,1,0,1,0,0,,1,0,0.041,1.47,1.20%,78.07,0.3,10/28/2010
Guillermo Mota,San Francisco Giants,1,0,0,0,1,0,0,0.00,4,19,11,6,1,4,1,2,0,0,,0,0,0.000,0.00,0.01%,0.11,0.5,10/28/2010
San Francisco Giants Totals,San Francisco Giants,9,4,0,0,3,2,0,0.00,34,123,79,40,10,29,9,20,4,0,71,1,0,0.516,1.20,15.10%,63.52,4.3,10/28/2010
Tim Lincecum,San Francisco Giants,8,5,0,0,1,11,0,5.93,30,114,75,37,13,25,6,12,3,0,82,,,0.462,1.17,0.44%,1.87,3.4,7/14/2012
"Santiago Casilla, BS (5)",San Francisco Giants,1,1,2,1,1,3,0,2.97,6,26,17,5,8,4,1,1,0,0,,0,0,-0.317,1.88,-0.30%,3.00,-1.6,7/14/2012
Javier López,San Francisco Giants,0.1,0,0,0,0,1,0,3.86,1,4,3,1,1,1,0,0,0,0,,0,0,0.053,2.21,0.05%,3.54,0.2,7/14/2012
Sergio Romo,San Francisco Giants,0.2,0,0,0,0,1,0,0.68,2,7,5,1,2,2,1,0,0,0,,0,0,0.068,1.42,0.07%,2.26,0.2,7/14/2012
Brad Penny,San Francisco Giants,1.2,1,0,0,0,0,0,2.25,6,21,12,9,0,3,3,3,2,0,,0,0,0.185,1.68,0.18%,2.69,0.6,7/14/2012
"Jeremy Affeldt, W (1-1)",San Francisco Giants,0.1,0,0,0,0,0,0,2.87,1,3,1,1,0,0,1,0,0,0,,1,0,0.058,2.88,0.06%,4.61,0.2,7/14/2012
San Francisco Giants Totals,San Francisco Giants,12,7,2,1,2,16,0,0.75,46,175,113,54,24,35,12,16,5,0,82,1,0,0.509,1.43,0.49%,2.29,3.1,7/14/2012
"Edinson Vólquez, W (10-10)",San Diego Padres,5.1,4,3,2,6,6,0,4.24,27,108,63,30,11,22,9,7,4,0,50,,,-0.096,1.32,0.00%,0.01,-0.5,9/11/2012
Joe Thatcher,San Diego Padres,0,1,0,0,0,0,0,3.49,1,5,4,3,1,0,0,1,0,0,,2,1,-0.108,2.11,-0.00%,0.02,-1.0,9/11/2012
"Brad Brach, H (12)",San Diego Padres,1.2,1,1,1,1,0,1,4.14,7,32,18,11,3,4,1,5,1,0,,2,0,0.119,1.45,0.00%,0.01,0.6,9/11/2012
"Tommy Layne, H (5)",San Diego Padres,0.1,0,0,0,0,1,0,1.64,2,8,6,4,0,2,0,1,0,0,,0,0,-0.009,2.88,0.00%,0.03,-0.0,9/11/2012
"Luke Gregerson, S (6)",San Diego Padres,1.2,1,0,0,1,1,0,2.32,7,27,17,9,0,8,4,1,0,0,,1,0,0.184,2.23,0.00%,0.02,0.9,9/11/2012
San Diego Padres Totals,San Diego Padres,9,7,4,3,8,8,1,3.00,44,180,108,57,15,36,14,15,5,0,50,5,1,0.090,1.59,0.00%,0.01,-0.1,9/11/2012
"Madison Bumgarner, L (0-2)",San Francisco Giants,3.2,8,6,6,1,2,2,11.25,20,73,50,26,5,19,7,10,6,0,22,,,-0.315,0.73,-5.45%,18.98,-4.4,10/14/2012
George Kontos,San Francisco Giants,0.1,0,0,0,0,0,0,0.00,1,2,1,1,0,0,0,1,0,0,,0,0,0.001,0.05,0.02%,1.31,0.1,10/14/2012
Tim Lincecum,San Francisco Giants,2,0,0,0,1,1,0,1.08,6,24,12,7,1,4,2,2,2,0,,0,0,0.063,0.62,1.05%,16.17,0.8,10/14/2012
Jeremy Affeldt,San Francisco Giants,1,0,0,0,0,0,0,0.00,3,8,5,3,0,2,1,2,1,0,,0,0,0.027,0.37,0.46%,9.76,0.4,10/14/2012
Santiago Casilla,San Francisco Giants,1,0,0,0,0,2,0,2.08,4,19,14,5,3,6,2,0,0,0,,0,0,0.022,0.40,0.36%,10.46,0.4,10/14/2012
José Mijares,San Francisco Giants,1,0,0,0,0,2,0,20.25,3,12,10,4,3,3,0,1,1,0,,0,0,0.013,0.17,0.22%,4.36,0.4,10/14/2012
San Francisco Giants Totals,San Francisco Giants,9,8,6,6,2,7,2,6.00,37,138,92,46,12,34,12,16,10,0,22,0,0,-0.189,0.59,-3.34%,15.38,-2.2,10/14/2012
"Chris Capuano, L (1-3)",Los Angeles Dodgers,5,6,6,5,3,4,2,5.60,25,104,61,33,9,19,9,9,2,0,34,,,-0.266,0.76,-0.08%,0.38,-3.9,5/24/2013
Matt Guerrier,Los Angeles Dodgers,1.1,0,1,1,2,1,0,3.32,7,28,12,7,1,4,0,3,0,0,,0,0,-0.004,0.05,-0.00%,0.03,-1.3,5/24/2013
J.P. Howell,Los Angeles Dodgers,1.2,0,0,0,1,2,0,2.66,6,23,12,3,4,5,2,1,0,0,,2,0,0.003,0.02,0.00%,0.01,1.5,5/24/2013
Paco Rodríguez,Los Angeles Dodgers,1,0,0,0,0,0,0,3.24,3,15,9,6,1,2,2,1,0,0,,0,0,0.000,0.00,0.00%,0.00,0.4,5/24/2013
Los Angeles Dodgers Totals,Los Angeles Dodgers,9,6,7,6,6,7,2,6.00,41,170,94,49,15,30,13,14,2,0,34,2,0,-0.267,0.47,-0.08%,0.24,-3.2,5/24/2013
"Barry Zito, L (4-9)",San Francisco Giants,3.2,7,6,6,2,3,1,5.63,20,85,50,31,5,14,7,8,4,0,24,,,-0.427,0.87,0.00%,0.00,-4.6,8/21/2013
Jean Machi,San Francisco Giants,1.1,0,0,0,0,2,0,3.22,4,15,11,3,2,6,1,1,0,0,,1,0,0.014,0.14,0.00%,0.00,0.7,8/21/2013
Mike Kickham,San Francisco Giants,4,5,6,5,1,3,1,10.72,19,68,43,19,7,17,10,5,2,0,,0,0,-0.016,0.06,0.00%,0.00,-4.4,8/21/2013
San Francisco Giants Totals,San Francisco Giants,9,12,12,11,3,8,2,11.00,43,168,104,53,14,37,18,14,6,0,24,1,0,-0.429,0.45,0.00%,0.00,-8.3,8/21/2013
"Hyun Jin Ryu, W (13-5)",Los Angeles Dodgers,6.1,8,1,1,1,6,0,3.02,27,109,72,42,14,16,11,9,7,0,58,,,0.096,1.04,0.02%,0.32,1.1,8/30/2013
"Carlos Marmól, H (6)",Los Angeles Dodgers,0.1,0,0,0,0,0,0,4.95,1,2,2,1,0,1,1,0,0,0,,2,0,0.044,2.21,0.01%,0.69,0.4,8/30/2013
"Paco Rodríguez, H (18)",Los Angeles Dodgers,0.1,0,0,0,0,0,0,1.88,1,2,2,2,0,0,1,0,0,0,,2,0,0.042,1.60,0.01%,0.50,0.5,8/30/2013
Edinson Vólquez,Los Angeles Dodgers,1,1,0,0,0,0,0,5.97,4,21,12,7,3,2,0,4,2,0,,0,0,0.001,0.03,0.00%,0.01,0.4,8/30/2013
Brandon League,Los Angeles Dodgers,1,2,1,1,0,0,0,5.55,5,19,13,9,2,2,2,3,1,0,,0,0,0.000,0.00,0.00%,0.00,-0.6,8/30/2013
Los Angeles Dodgers Totals,Los Angeles Dodgers,9,11,2,2,1,6,0,2.00,38,153,101,61,19,21,15,16,10,0,58,4,0,0.183,0.83,0.03%,0.26,1.8,8/30/2013
Josh Beckett,Los Angeles Dodgers,7,4,0,0,2,4,0,2.02,25,107,69,41,7,21,11,8,4,0,71,,,0.412,1.12,0.38%,1.71,3.0,6/26/2014
"Brian Wilson, W (1-2)",Los Angeles Dodgers,1,0,0,0,0,2,0,4.82,3,14,12,5,1,6,0,1,0,0,,0,0,0.097,1.35,0.09%,2.06,0.4,6/26/2014
"Kenley Jansen, S (24)",Los Angeles Dodgers,1,1,0,0,0,1,0,4.01,3,9,7,7,0,0,0,2,2,0,,0,0,0.144,2.43,0.13%,3.72,0.4,6/26/2014
Los Angeles Dodgers Totals,Los Angeles Dodgers,9,5,0,0,2,7,0,0.00,31,130,88,53,8,27,11,11,6,0,71,0,0,0.653,1.31,0.60%,2.00,3.8,6/26/2014
"Scott Kazmir, W (10-3)",Oakland Athletics,7,3,1,1,2,8,0,2.53,26,113,76,43,12,21,7,9,2,0,73,,,0.267,1.08,0.17%,1.15,2.2,7/5/2014
"Luke Gregerson, H (14)",Oakland Athletics,1,2,0,0,0,0,0,2.17,4,9,6,4,0,2,2,2,1,0,,0,0,0.068,0.99,0.04%,1.05,0.5,7/5/2014
Fernando Abad,Oakland Athletics,1,0,0,0,0,1,0,2.02,3,14,9,6,0,3,0,2,0,0,,0,0,0.012,0.16,0.01%,0.17,0.5,7/5/2014
Oakland Athletics Totals,Oakland Athletics,9,5,1,1,2,9,0,1.00,33,136,91,53,12,26,9,13,3,0,73,0,0,0.347,0.99,0.22%,1.05,3.1,7/5/2014
"A.J. Burnett, W (6-8)",Philadelphia Phillies,7.2,5,2,2,4,6,1,3.83,31,108,66,35,8,23,12,9,6,0,63,,,0.233,0.67,0.04%,0.19,2.2,7/11/2014
Ken Giles,Philadelphia Phillies,1.1,1,0,0,0,1,0,0.64,5,18,11,6,1,4,0,4,2,0,,2,1,0.015,0.32,0.00%,0.09,-0.1,7/11/2014
Philadelphia Phillies Totals,Philadelphia Phillies,9,6,2,2,4,7,1,2.00,36,126,77,41,9,27,12,13,8,0,63,2,1,0.248,0.62,0.04%,0.18,2.0,7/11/2014
Hiroki Kuroda,New York Yankees,6.2,3,1,0,2,6,0,3.88,26,99,67,43,14,10,7,11,4,0,70,,,0.260,1.18,0.20%,1.50,2.2,7/20/2014
"Dellin Betances, BS (3)",New York Yankees,1.1,3,1,1,0,1,1,1.54,6,24,15,10,2,3,2,3,1,0,,0,0,-0.136,1.78,-0.10%,2.27,-0.4,7/20/2014
"David Robertson, W (1-2)",New York Yankees,1,0,0,0,0,1,0,2.60,3,13,8,4,2,2,1,1,0,0,,0,0,0.130,1.75,0.10%,2.23,0.5,7/20/2014
New York Yankees Totals,New York Yankees,9,6,2,1,2,8,1,1.00,35,136,90,57,18,15,10,15,5,0,70,0,0,0.254,1.35,0.19%,1.72,2.2,7/20/2014
"C.J. Wilson, L (8-8)",Los Angeles Angels of Anaheim,5.2,6,4,4,4,5,0,4.82,26,100,54,27,4,23,8,8,4,0,42,,,-0.200,0.93,-0.14%,1.06,-1.8,8/7/2014
Cory Rasmus,Los Angeles Angels of Anaheim,1.2,4,2,2,2,2,0,2.48,11,44,26,15,7,4,2,5,3,0,,2,0,0.008,0.20,0.01%,0.23,-0.2,8/7/2014
Cam Bedrosian,Los Angeles Angels of Anaheim,1.2,3,1,0,0,4,0,9.35,9,34,23,14,5,4,3,2,1,0,,3,2,-0.011,0.09,-0.01%,0.10,-1.1,8/7/2014
Los Angeles Angels of Anaheim Totals,Los Angeles Angels of Anaheim,9,13,7,6,6,11,0,6.00,46,178,103,56,16,31,13,15,8,0,42,5,2,-0.203,0.60,-0.14%,0.68,-3.0,8/7/2014
"Matt Shoemaker, W (14-4)",Los Angeles Angels of Anaheim,7,5,0,0,0,7,0,3.14,26,103,70,41,11,18,3,16,4,0,74,,,0.151,0.36,0.14%,0.58,3.1,8/31/2014
Mike Morin,Los Angeles Angels of Anaheim,1,1,1,1,1,0,0,2.59,5,18,9,4,1,4,1,3,1,0,,0,0,0.001,0.09,0.00%,0.15,-0.6,8/31/2014
Yoslán Herrera,Los Angeles Angels of Anaheim,1,0,0,0,0,0,0,5.19,3,7,5,3,0,2,2,1,0,0,,0,0,0.001,0.01,0.00%,0.02,0.4,8/31/2014
Los Angeles Angels of Anaheim Totals,Los Angeles Angels of Anaheim,9,6,1,1,1,7,0,1.00,34,128,84,48,12,24,6,20,5,0,74,0,0,0.153,0.29,0.15%,0.46,3.0,8/31/2014
Jered Weaver,Los Angeles Angels of Anaheim,7,3,2,2,2,6,0,2.57,24,100,67,36,13,18,6,10,4,0,67,,,0.120,0.99,0.75%,15.49,1.1,10/2/2014
Joe Smith,Los Angeles Angels of Anaheim,1,0,0,0,0,1,0,0.00,3,12,8,7,1,0,0,2,0,0,,0,0,0.099,1.37,0.86%,21.43,0.4,10/2/2014
Huston Street,Los Angeles Angels of Anaheim,1,0,0,0,0,1,0,0.00,3,11,7,2,3,2,1,1,0,0,,0,0,0.125,1.71,1.09%,26.81,0.4,10/2/2014
Kevin Jepsen,Los Angeles Angels of Anaheim,1,0,0,0,2,1,0,0.00,5,24,13,6,4,3,0,2,1,0,,0,0,0.125,3.18,1.09%,49.91,0.4,10/2/2014
"Fernando Salas, L (0-1)",Los Angeles Angels of Anaheim,1,1,1,1,0,0,1,9.00,4,15,10,8,1,1,1,3,0,0,,0,0,-0.320,0.89,-3.24%,13.88,-0.6,10/2/2014
Los Angeles Angels of Anaheim Totals,Los Angeles Angels of Anaheim,11,4,3,3,4,9,1,2.45,39,162,105,59,22,24,8,18,5,0,67,0,0,0.149,1.38,0.55%,21.63,1.8,10/2/2014
"Mike Bolsinger, W (3-0)",Los Angeles Dodgers,8,1,0,0,0,8,0,0.71,24,92,60,27,10,23,10,6,3,0,88,,,0.482,0.86,0.42%,1.25,3.5,5/23/2015
"Kenley Jansen, S (3)",Los Angeles Dodgers,1,0,0,0,0,1,0,0.00,3,7,5,3,1,1,1,1,0,0,,0,0,0.064,0.87,0.06%,1.26,0.4,5/23/2015
Los Angeles Dodgers Totals,Los Angeles Dodgers,9,1,0,0,0,9,0,0.00,27,99,65,30,11,24,11,7,3,0,88,0,0,0.546,0.86,0.48%,1.25,4.0,5/23/2015
"Clayton Kershaw, W (5-3)",Los Angeles Dodgers,8,1,0,0,2,11,0,3.36,27,106,75,36,18,21,9,4,1,0,89,,,0.486,0.98,0.40%,1.36,3.5,6/6/2015
"Kenley Jansen, S (6)",Los Angeles Dodgers,1,0,0,0,0,1,0,0.00,3,11,9,7,0,2,0,2,0,0,,0,0,0.064,0.87,0.05%,1.20,0.4,6/6/2015
Los Angeles Dodgers Totals,Los Angeles Dodgers,9,1,0,0,2,12,0,0.00,30,117,84,43,18,23,9,6,1,0,89,0,0,0.550,0.97,0.46%,1.35,4.0,6/6/2015
"Mike Bolsinger, L (4-2)",Los Angeles Dodgers,5.1,8,5,5,3,6,1,2.87,25,97,56,27,4,25,9,7,4,0,35,,,-0.375,1.20,-0.42%,2.24,-3.2,6/19/2015
Danny Coulombe,Los Angeles Dodgers,1,1,2,2,1,1,0,10.38,5,23,15,12,2,1,0,3,2,0,,2,0,0.035,0.81,0.04%,1.51,0.4,6/19/2015
Josh Ravin,Los Angeles Dodgers,0.2,3,2,2,1,2,0,6.43,6,26,16,10,3,3,2,1,1,0,,2,2,-0.128,0.94,-0.14%,1.76,-3.2,6/19/2015
Juan Nicasio,Los Angeles Dodgers,2,0,0,0,1,2,0,1.93,7,34,19,9,6,4,2,2,0,0,,0,0,0.002,0.02,0.00%,0.04,0.9,6/19/2015
Los Angeles Dodgers Totals,Los Angeles Dodgers,9,12,9,9,6,11,1,9.00,43,180,106,58,15,33,13,13,7,0,35,4,2,-0.466,0.94,-0.52%,1.74,-5.0,6/19/2015
"Colin Rea, L (2-1)",San Diego Padres,4,5,5,4,2,4,0,5.52,20,94,61,42,5,14,7,7,6,0,36,,,-0.330,0.73,-0.08%,0.31,-3.2,8/23/2015
Odrisamer Despaigne,San Diego Padres,3,5,3,3,1,2,1,4.99,15,60,35,22,3,10,8,3,2,0,,0,0,-0.015,0.22,-0.00%,0.09,-1.7,8/23/2015
Marc Rzepczynski,San Diego Padres,1,0,0,0,0,1,0,3.71,3,8,7,2,3,2,2,0,0,0,,0,0,0.001,0.01,0.00%,0.00,0.4,8/23/2015
Craig Kimbrel,San Diego Padres,0.2,1,2,2,1,1,1,2.94,4,30,18,12,2,4,0,2,1,0,,0,0,-0.001,0.00,0.00%,0.00,-1.6,8/23/2015
Kevin Quackenbush,San Diego Padres,0.1,0,0,0,0,0,0,3.86,1,7,4,3,0,1,1,0,0,0,,0,0,0.000,0.00,0.00%,0.00,0.1,8/23/2015
San Diego Padres Totals,San Diego Padres,9,11,10,9,4,8,2,9.00,43,199,125,81,13,31,18,12,9,0,36,0,0,-0.345,0.44,-0.09%,0.19,-6.0,8/23/2015
"Ryan Vogelsong, L (9-10)",San Francisco Giants,4.2,7,4,4,3,3,0,4.19,22,94,56,34,6,16,10,6,4,0,34,,,0.034,1.41,0.03%,2.43,0.6,8/29/2015
George Kontos,San Francisco Giants,0.1,1,0,0,0,1,0,1.90,2,8,6,4,2,0,0,1,1,0,,3,3,-0.222,1.57,-0.23%,2.70,-2.3,8/29/2015
Yusmeiro Petit,San Francisco Giants,3,2,0,0,1,4,0,3.69,11,47,29,18,7,4,3,3,1,0,,0,0,0.029,0.14,0.03%,0.23,1.4,8/29/2015
Mike Broadway,San Francisco Giants,1,3,2,2,0,0,0,4.35,6,19,14,9,0,5,3,3,0,0,,0,0,-0.010,0.06,-0.01%,0.10,-1.5,8/29/2015
San Francisco Giants Totals,San Francisco Giants,9,13,6,6,4,8,0,6.00,41,168,105,65,15,25,16,13,6,0,34,3,3,-0.169,0.90,-0.17%,1.54,-1.9,8/29/2015
"Tyler Anderson, W (2-3)",Colorado Rockies,6.1,5,4,4,3,3,0,3.43,27,95,62,37,13,12,12,8,3,0,47,,,-0.049,0.96,-0.01%,0.23,-0.7,7/18/2016
"Adam Ottavino, H (1)",Colorado Rockies,0.2,0,0,0,0,1,0,0.00,2,11,7,2,1,4,1,0,0,0,,1,0,0.132,2.42,0.02%,0.57,0.7,7/18/2016
"Jason Motte, H (6)",Colorado Rockies,1,1,0,0,0,3,0,4.26,4,21,15,12,1,2,0,1,0,0,,0,0,0.129,2.73,0.02%,0.64,0.6,7/18/2016
"Carlos Estévez, S (6)",Colorado Rockies,1,0,0,0,1,1,0,4.05,4,18,14,11,3,0,2,0,0,0,,0,0,0.039,0.98,0.01%,0.23,0.6,7/18/2016
Colorado Rockies Totals,Colorado Rockies,9,6,4,4,4,8,0,4.00,37,145,98,62,18,18,15,9,3,0,47,1,0,0.251,1.27,0.04%,0.30,1.2,7/18/2016
"Zach Davies, W (7-4)",Milwaukee Brewers,6.1,3,1,1,2,4,0,3.64,23,95,58,30,9,19,6,11,5,0,65,,,0.298,0.80,0.01%,0.03,3.0,7/23/2016
"Will Smith, H (8)",Milwaukee Brewers,0.2,2,0,0,0,1,0,1.93,4,15,10,6,2,2,3,0,0,0,,1,1,-0.004,2.27,0.00%,0.09,-0.5,7/23/2016
"Tyler Thornburg, H (18)",Milwaukee Brewers,1,0,0,0,0,1,0,2.33,3,12,7,5,1,1,0,2,0,0,,0,0,0.075,0.99,0.00%,0.04,0.5,7/23/2016
Carlos Torres,Milwaukee Brewers,1,1,0,0,0,1,0,2.96,4,13,9,4,1,4,1,2,2,0,,0,0,0.006,0.23,0.00%,0.01,0.5,7/23/2016
Milwaukee Brewers Totals,Milwaukee Brewers,9,6,1,1,2,7,0,1.00,34,135,84,45,13,26,10,15,7,0,65,1,1,0.375,0.90,0.01%,0.03,3.6,7/23/2016
Matt Albers,Chicago White Sox,2,1,1,0,0,1,0,4.75,7,25,16,10,2,4,4,2,1,0,53,,,-0.012,0.77,-0.00%,0.31,-0.0,7/23/2016
Dan Jennings,Chicago White Sox,2,3,0,0,1,3,0,1.66,10,47,29,17,7,5,4,2,2,0,,0,0,0.118,1.56,0.03%,0.63,1.0,7/23/2016
"Tommy Kahnle, H (2)",Chicago White Sox,2,2,1,1,1,2,1,3.86,8,33,19,10,4,5,2,3,2,0,,0,0,0.018,0.98,0.00%,0.40,-0.0,7/23/2016
"Zach Duke, H (19)",Chicago White Sox,1,0,0,0,0,1,0,2.72,3,7,6,2,1,3,1,1,0,0,,0,0,0.095,1.26,0.02%,0.51,0.5,7/23/2016
"Nate Jones, BS (6)",Chicago White Sox,0.2,1,1,0,1,1,0,2.47,5,17,11,6,2,3,1,2,1,0,,0,0,-0.236,3.36,-0.06%,1.36,-0.9,7/23/2016
"David Robertson, W (1-2)",Chicago White Sox,1.1,1,0,0,0,3,0,3.89,5,18,13,3,3,7,1,1,0,0,,2,0,0.224,2.51,0.06%,1.02,0.9,7/23/2016
Chicago White Sox Totals,Chicago White Sox,9,8,3,1,3,11,1,1.00,38,147,94,48,19,27,13,11,6,0,53,2,0,0.207,1.65,0.05%,0.67,1.4,7/23/2016
Jose Quintana,Chicago White Sox,6.2,3,0,0,1,4,0,2.97,24,117,72,49,6,17,6,13,7,0,71,,,0.247,0.61,0.08%,0.31,3.2,7/24/2016
Nate Jones,Chicago White Sox,1.1,2,1,1,1,2,1,2.60,7,29,17,8,4,5,1,3,1,0,,1,0,0.019,0.70,0.01%,0.36,-0.3,7/24/2016
"David Robertson, BS (4), W (2-2)",Chicago White Sox,1,3,3,3,0,1,3,4.46,6,21,15,7,4,4,2,3,0,0,,0,0,-0.333,1.04,-0.10%,0.54,-2.5,7/24/2016
Chicago White Sox Totals,Chicago White Sox,9,8,4,4,2,7,4,4.00,37,167,104,64,14,26,9,19,8,0,71,1,0,-0.067,0.70,-0.02%,0.36,0.4,7/24/2016
"Ervin Santana, L (3-9)",Minnesota Twins,9,7,2,2,0,5,1,3.78,33,97,63,41,5,17,13,15,7,0,70,,,0.128,0.61,0.00%,0.00,2.6,7/26/2016
Minnesota Twins Totals,Minnesota Twins,9,7,2,2,0,5,1,2.00,33,97,63,41,5,17,13,15,7,0,70,,,0.128,0.61,0.00%,0.00,2.6,7/26/2016
"Jon Lester, W (11-4)",Chicago Cubs,6,4,0,0,2,7,0,2.95,24,95,58,30,12,16,5,10,7,0,69,,,0.211,0.74,0.10%,0.60,3.0,7/29/2016
Justin Grimm,Chicago Cubs,1,1,0,0,0,0,0,4.72,4,11,7,5,1,1,1,3,0,0,,0,0,0.000,0.01,0.00%,0.01,0.5,7/29/2016
Mike Montgomery,Chicago Cubs,2,3,1,1,2,2,0,2.66,11,40,22,15,2,5,4,3,2,0,,0,0,0.000,0.00,0.00%,0.00,0.0,7/29/2016
Chicago Cubs Totals,Chicago Cubs,9,8,1,1,4,9,0,1.00,39,146,87,50,15,22,10,16,9,0,69,0,0,0.211,0.46,0.10%,0.37,3.5,7/29/2016
"Adam Wainwright, L (9-6)",St. Louis Cardinals,6,9,6,6,3,3,0,4.34,28,108,75,46,7,22,14,9,4,0,30,,,-0.348,0.46,-0.22%,0.49,-3.1,8/7/2016
Jerome Williams,St. Louis Cardinals,2,2,0,0,0,2,0,0.00,8,34,24,13,4,7,3,3,3,0,,0,0,0.010,0.07,0.01%,0.07,1.0,8/7/2016
Kevin Siegrist,St. Louis Cardinals,1,0,0,0,0,0,0,2.72,3,12,9,6,1,2,0,3,0,0,,0,0,0.008,0.10,0.01%,0.11,0.5,8/7/2016
St. Louis Cardinals Totals,St. Louis Cardinals,9,11,6,6,3,5,0,6.00,39,154,108,65,12,31,17,15,7,0,30,0,0,-0.330,0.35,-0.21%,0.37,-1.6,8/7/2016
"Dan Straily, W (11-7)",Cincinnati Reds,5.2,3,1,1,7,5,1,3.83,25,90,48,27,7,14,3,10,6,0,57,,,0.125,1.16,0.00%,0.00,1.2,9/3/2016
"Blake Wood, H (11)",Cincinnati Reds,1.1,0,0,0,1,3,0,3.66,5,19,13,2,6,5,1,0,0,0,,3,0,0.216,2.03,0.00%,0.00,1.3,9/3/2016
"Michael Lorenzen, H (3)",Cincinnati Reds,1,1,0,0,0,1,0,2.50,3,10,8,4,2,2,1,1,1,0,,0,0,0.043,1.23,0.00%,0.00,0.5,9/3/2016
Tony Cingrani,Cincinnati Reds,1,1,0,0,0,1,0,3.42,3,13,10,4,3,3,2,0,0,0,,0,0,0.000,0.02,0.00%,0.00,0.5,9/3/2016
Cincinnati Reds Totals,Cincinnati Reds,9,5,1,1,8,10,1,1.00,36,132,79,37,18,24,7,11,7,0,57,3,0,0.384,1.19,0.00%,0.00,3.5,9/3/2016
"Matt Garza, L (5-8)",Milwaukee Brewers,4,8,5,5,2,3,0,4.52,20,83,54,29,6,19,10,5,3,0,27,,,-0.358,0.96,0.00%,0.00,-3.4,9/20/2016
Ben Rowen,Milwaukee Brewers,1,4,1,1,0,0,0,15.00,6,20,11,7,0,4,5,1,1,0,,1,0,-0.078,0.89,0.00%,0.00,-1.1,9/20/2016
Brent Suter,Milwaukee Brewers,1,0,0,0,0,0,0,2.70,3,7,6,5,1,0,1,2,1,0,,2,0,0.065,0.88,0.00%,0.00,1.5,9/20/2016
Tyler Cravy,Milwaukee Brewers,1,1,0,0,0,2,0,2.82,4,20,12,4,3,5,0,2,1,0,,0,0,0.021,0.43,0.00%,0.00,0.5,9/20/2016
Rob Scahill,Milwaukee Brewers,1,0,0,0,0,2,0,3.64,3,15,9,4,2,3,1,0,0,0,,0,0,0.015,0.20,0.00%,0.00,0.5,9/20/2016
Taylor Jungmann,Milwaukee Brewers,1,0,0,0,0,1,0,8.34,3,13,8,3,2,3,1,1,1,0,,0,0,0.008,0.11,0.00%,0.00,0.5,9/20/2016
Milwaukee Brewers Totals,Milwaukee Brewers,9,13,6,6,2,8,0,6.00,39,158,100,52,14,34,18,11,7,0,27,3,0,-0.327,0.76,0.00%,0.00,-1.4,9/20/2016
"Matthew Boyd, L (6-5)",Detroit Tigers,0,5,4,4,0,0,1,4.53,5,22,17,12,3,2,0,5,3,0,24,,,-0.346,0.91,-0.52%,2.29,-4.4,9/25/2016
Blaine Hardy,Detroit Tigers,1,0,0,0,1,0,0,3.75,4,19,11,6,1,4,1,2,0,0,,1,0,0.040,0.75,0.06%,1.87,0.9,9/25/2016
Aníbal Sánchez,Detroit Tigers,2,4,3,3,0,3,2,5.87,10,40,29,20,3,6,3,4,0,0,,0,0,-0.073,0.36,-0.11%,0.90,-2.0,9/25/2016
Shane Greene,Detroit Tigers,1,3,2,2,0,0,0,5.55,6,26,15,11,3,1,3,3,1,0,,0,0,-0.093,0.52,-0.14%,1.31,-1.5,9/25/2016
Mike Pelfrey,Detroit Tigers,2,3,2,2,0,3,1,5.07,9,31,22,13,4,5,2,4,3,0,,0,0,-0.031,0.27,-0.05%,0.67,-1.0,9/25/2016
Jordan Zimmermann,Detroit Tigers,3,4,1,1,0,4,0,4.88,12,35,30,18,5,7,2,6,2,0,,0,0,-0.018,0.30,-0.03%,0.77,0.5,9/25/2016
Detroit Tigers Totals,Detroit Tigers,9,19,12,12,1,10,4,12.00,46,173,124,80,19,25,11,24,9,0,24,1,0,-0.521,0.44,-0.79%,1.11,-7.4,9/25/2016
"Carlos Martínez, W (4-4)",St. Louis Cardinals,8,4,1,1,3,9,0,3.08,30,,,,,,,,,,76,,,0.399,1.28,0.26%,1.40,3.1,5/31/2017
"Seunghwan Oh, S (12)",St. Louis Cardinals,1,1,0,0,0,2,0,2.88,4,,,,,,,,,,,0,0,0.164,3.54,0.11%,3.88,0.5,5/31/2017
St. Louis Cardinals Totals,St. Louis Cardinals,9,5,1,1,3,11,0,1.00,34,,,,,,,,,,76,0,0,0.563,1.54,0.37%,1.69,3.6,5/31/2017
"Adam Wainwright, W (6-3)",St. Louis Cardinals,6,4,0,0,2,6,0,3.79,24,101,64,35,10,19,8,8,5,0,68,,,0.335,1.26,0.23%,1.43,3.0,6/1/2017
"Matt Bowman, H (10)",St. Louis Cardinals,1,0,0,0,1,1,0,5.09,3,16,9,3,1,5,1,0,0,0,,0,0,0.071,1.83,0.05%,2.08,0.5,6/1/2017
"Trevor Rosenthal, H (7)",St. Louis Cardinals,1,0,0,0,1,0,0,2.33,3,19,11,8,3,0,1,1,0,0,,0,0,0.075,1.53,0.05%,1.74,0.5,6/1/2017
"Seunghwan Oh, S (13)",St. Louis Cardinals,1,1,0,0,0,2,0,2.77,4,23,14,6,1,7,0,2,1,0,,0,0,0.075,1.45,0.05%,1.65,0.5,6/1/2017
St. Louis Cardinals Totals,St. Louis Cardinals,9,5,0,0,4,9,0,0.00,34,159,98,52,15,31,10,11,6,0,68,0,0,0.556,1.35,0.38%,1.54,4.6,6/1/2017
Kyle Hendricks,Chicago Cubs,4,4,4,4,3,3,1,4.09,18,82,46,28,1,17,6,6,3,0,38,,,-0.241,1.02,-0.20%,1.38,-1.9,6/4/2017
Justin Grimm,Chicago Cubs,1,0,0,0,1,3,0,6.23,4,22,14,3,3,8,0,0,0,0,,0,0,0.062,0.85,0.05%,1.16,0.5,6/4/2017
"Héctor Rondón, BS (2)",Chicago Cubs,0.1,2,2,2,1,0,0,4.79,4,19,9,5,2,2,1,2,2,0,,0,0,-0.302,2.06,-0.25%,2.81,-2.2,6/4/2017
"Pedro Strop, W (2-2)",Chicago Cubs,1.2,0,0,0,0,1,0,2.79,5,17,11,6,1,4,4,0,0,0,,1,0,0.195,1.43,0.16%,1.94,1.2,6/4/2017
"Carl Edwards Jr., H (7)",Chicago Cubs,1,0,0,0,0,1,0,0.83,3,12,8,4,3,1,1,1,1,0,,0,0,0.124,1.60,0.10%,2.18,0.5,6/4/2017
"Koji Uehara, S (2)",Chicago Cubs,1,0,0,0,0,2,0,3.26,3,17,13,7,3,3,0,1,0,0,,0,0,0.169,2.18,0.14%,2.96,0.5,6/4/2017
Chicago Cubs Totals,Chicago Cubs,9,6,6,6,5,10,1,6.00,37,169,101,53,13,35,12,10,6,0,38,1,0,0.007,1.34,0.01%,1.82,-1.2,6/4/2017
Trevor Williams,Pittsburgh Pirates,5.2,9,2,1,2,5,0,4.57,27,,,,,,,,,,48,,,-0.018,1.42,-0.01%,0.90,0.5,7/16/2017
Daniel Hudson,Pittsburgh Pirates,0.1,0,0,0,0,0,0,4.38,1,,,,,,,,,,,2,0,0.076,2.73,0.03%,1.73,0.5,7/16/2017
Tony Watson,Pittsburgh Pirates,1,1,0,0,0,0,0,3.67,3,,,,,,,,,,,0,0,0.088,1.58,0.03%,1.00,0.5,7/16/2017
Juan Nicasio,Pittsburgh Pirates,1,2,1,1,1,2,1,2.59,6,,,,,,,,,,,0,0,-0.196,1.18,-0.07%,0.75,-0.5,7/16/2017
"Wade LeBlanc, W (4-2)",Pittsburgh Pirates,1,0,0,0,0,1,0,3.99,3,,,,,,,,,,,0,0,0.038,0.67,0.01%,0.43,0.5,7/16/2017
Pittsburgh Pirates Totals,Pittsburgh Pirates,9,12,3,2,3,8,1,2.00,40,,,,,,,,,,48,2,0,-0.012,1.36,-0.01%,0.87,1.5,7/16/2017
Jason Vargas,Kansas City Royals,5,7,2,2,1,2,1,3.08,23,84,50,30,4,16,8,12,7,0,46,,,-0.041,0.83,-0.03%,1.20,-0.3,7/22/2017
"Scott Alexander, W (2-3)",Kansas City Royals,1,0,0,0,0,0,0,2.08,3,16,12,10,0,2,3,0,0,0,,2,0,0.106,1.30,0.09%,1.87,1.5,7/22/2017
"Peter Moylan, H (12)",Kansas City Royals,1,1,0,0,1,0,0,4.72,5,23,14,8,1,5,2,2,1,0,,0,0,0.050,0.86,0.04%,1.24,0.5,7/22/2017
Joakim Soria,Kansas City Royals,1,0,0,0,1,0,0,3.29,3,18,9,3,2,4,2,0,0,0,,0,0,0.025,0.50,0.02%,0.71,0.5,7/22/2017
Al Alburquerque,Kansas City Royals,1,0,0,0,0,1,0,3.60,3,21,14,9,2,3,1,1,0,0,,0,0,0.007,0.09,0.01%,0.12,0.5,7/22/2017
Kansas City Royals Totals,Kansas City Royals,9,8,2,2,3,3,1,2.00,37,162,99,60,9,30,16,15,8,0,46,2,0,0.147,0.79,0.13%,1.13,2.8,7/22/2017
Danny Salazar,Cleveland Indians,7,4,1,1,3,12,0,4.32,27,112,71,37,14,20,5,7,4,0,74,,,0.365,1.17,0.34%,1.80,2.9,8/5/2017
"Zach McAllister, L (1-1)",Cleveland Indians,0.2,1,1,1,0,1,1,2.27,3,12,9,5,1,3,1,1,0,0,,0,0,-0.188,1.36,-0.17%,2.09,-0.6,8/5/2017
Tyler Olson,Cleveland Indians,0.1,0,0,0,0,0,0,0.00,1,1,1,1,0,0,1,0,0,0,,0,0,0.014,0.52,0.01%,0.80,0.1,8/5/2017
Nick Goody,Cleveland Indians,1,0,0,0,1,2,0,2.23,4,19,13,5,7,1,1,0,0,0,,0,0,0.045,0.61,0.04%,0.94,0.6,8/5/2017
Cleveland Indians Totals,Cleveland Indians,9,5,2,2,4,15,1,2.00,35,144,94,48,22,24,8,8,4,0,74,0,0,0.236,1.10,0.22%,1.70,3.0,8/5/2017
"Joe Biagini, L (3-12)",Toronto Blue Jays,5,3,3,3,4,3,1,5.34,19,74,38,21,4,13,7,5,3,0,48,,,-0.118,1.20,0.00%,0.00,-0.3,9/23/2017
Danny Barnes,Toronto Blue Jays,1,0,0,0,0,1,0,3.52,3,9,7,4,1,2,1,1,0,0,,0,0,0.041,0.52,0.00%,0.00,0.5,9/23/2017
Aaron Loup,Toronto Blue Jays,1,1,0,0,0,1,0,3.88,3,15,10,4,3,3,0,2,1,0,,0,0,0.038,0.57,0.00%,0.00,0.5,9/23/2017
Tim Mayza,Toronto Blue Jays,0.2,1,1,1,0,1,1,8.78,3,12,7,3,2,2,0,2,2,0,,0,0,-0.054,0.38,0.00%,0.00,-0.6,9/23/2017
Luis Santos,Toronto Blue Jays,1.1,2,1,1,1,1,0,2.57,7,25,16,9,3,4,3,2,1,0,,0,0,-0.012,0.22,0.00%,0.00,-0.4,9/23/2017
Toronto Blue Jays Totals,Toronto Blue Jays,9,7,5,5,5,7,2,5.00,35,135,78,41,13,24,11,12,7,0,48,0,0,-0.105,0.82,0.00%,0.00,-0.2,9/23/2017
"Michael Wacha, L (12-9)",St. Louis Cardinals,6,7,5,5,1,8,1,4.13,26,,,,,,,,,,45,,,-0.254,1.01,-0.09%,0.59,-2.0,9/27/2017
Matt Bowman,St. Louis Cardinals,0.1,1,0,0,1,0,0,3.90,3,,,,,,,,,,,2,1,-0.034,0.41,-0.01%,0.24,-1.1,9/27/2017
Zach Duke,St. Louis Cardinals,0.2,0,0,0,0,0,0,4.24,1,,,,,,,,,,,3,0,0.032,0.54,0.01%,0.32,1.6,9/27/2017
Sam Tuivailala,St. Louis Cardinals,1,0,0,0,0,0,0,2.68,3,,,,,,,,,,,0,0,0.008,0.10,0.00%,0.06,0.5,9/27/2017
Brett Cecil,St. Louis Cardinals,1,0,0,0,0,1,0,3.99,3,,,,,,,,,,,0,0,0.004,0.05,0.00%,0.03,0.5,9/27/2017
St. Louis Cardinals Totals,St. Louis Cardinals,9,8,5,5,2,9,1,5.00,36,,,,,,,,,,45,5,1,-0.244,0.79,-0.09%,0.46,-0.4,9/27/2017
"Michael Wacha, W (1-1)",St. Louis Cardinals,5,4,2,2,5,5,0,5.59,23,89,48,27,7,14,8,5,2,0,51,,,0.004,1.25,0.00%,1.15,0.3,4/7/2018
"Dominic Leone, H (1)",St. Louis Cardinals,1,0,0,0,0,2,0,3.86,3,14,8,3,1,4,0,1,1,0,,0,0,0.045,0.60,0.03%,0.55,0.5,4/7/2018
"Matt Bowman, H (3)",St. Louis Cardinals,1,0,0,0,0,2,0,5.40,3,14,9,3,1,5,0,1,0,0,,0,0,0.043,0.58,0.02%,0.53,0.5,4/7/2018
"Jordan Hicks, H (1)",St. Louis Cardinals,1,0,1,0,2,0,0,0.00,6,19,10,6,1,3,3,1,1,0,,0,0,0.008,1.93,0.00%,1.77,-0.5,4/7/2018
"Bud Norris, S (1)",St. Louis Cardinals,1,1,0,0,0,3,0,0.00,4,17,13,6,1,6,0,1,1,0,,0,0,0.069,1.00,0.04%,0.92,0.5,4/7/2018
St. Louis Cardinals Totals,St. Louis Cardinals,9,5,3,2,7,12,0,2.00,39,153,88,45,11,32,11,9,5,0,51,0,0,0.169,1.23,0.09%,1.13,1.2,4/7/2018
Luke Weaver,St. Louis Cardinals,6.1,3,1,1,1,7,0,1.59,22,97,60,26,13,21,7,7,2,0,69,,,0.345,1.01,0.20%,0.96,2.8,4/8/2018
"Tyler Lyons, H (2)",St. Louis Cardinals,0.1,0,0,0,0,1,0,5.40,1,6,3,0,0,3,0,0,0,0,,1,0,0.035,2.40,0.02%,2.27,0.2,4/8/2018
"Matt Bowman, BS (1)",St. Louis Cardinals,0.1,1,0,0,1,0,0,5.06,3,15,8,4,2,2,1,1,1,0,,1,1,-0.148,2.94,-0.08%,2.79,-0.7,4/8/2018
"Dominic Leone, L (0-2)",St. Louis Cardinals,0,2,2,2,0,0,1,7.71,2,8,6,5,0,1,0,2,2,0,,0,0,-0.374,2.34,-0.21%,2.23,-2.0,4/8/2018
Mike Mayers,St. Louis Cardinals,1,1,1,1,0,0,1,4.50,4,16,9,7,1,1,1,3,1,0,,0,0,-0.049,0.29,-0.03%,0.28,-0.5,4/8/2018
John Brebbia,St. Louis Cardinals,1,0,0,0,0,1,0,0.00,3,15,9,2,1,6,2,0,0,0,,0,0,0.007,0.09,0.00%,0.08,0.5,4/8/2018
St. Louis Cardinals Totals,St. Louis Cardinals,9,7,4,4,2,9,2,4.00,35,157,95,44,17,34,11,13,6,0,69,2,1,-0.184,1.16,-0.10%,1.11,0.2,4/8/2018
Sean Newcomb,Atlanta Braves,7,5,1,1,2,3,1,2.59,25,,,,,,,,,,64,,,0.228,0.94,0.19%,1.31,2.4,6/22/2018
A.J. Minter,Atlanta Braves,1,1,0,0,0,1,0,3.30,3,,,,,,,,,,,0,0,0.105,2.37,0.09%,3.31,0.5,6/22/2018
"Dan Winkler, BS (1)",Atlanta Braves,0.1,3,4,4,1,1,0,2.73,5,,,,,,,,,,,0,0,-0.647,3.76,-0.54%,5.26,-2.9,6/22/2018
Sam Freeman,Atlanta Braves,0.1,3,2,2,0,0,0,4.50,4,,,,,,,,,,,2,2,-0.266,1.48,-0.22%,2.08,-2.9,6/22/2018
Luke Jackson,Atlanta Braves,0.1,0,0,0,0,0,0,4.05,1,,,,,,,,,,,1,0,0.003,0.07,0.00%,0.09,0.3,6/22/2018
Shane Carle,Atlanta Braves,2,0,0,0,1,3,0,2.09,7,,,,,,,,,,,0,0,0.270,2.88,0.23%,4.03,1.0,6/22/2018
Jesse Biddle,Atlanta Braves,3,0,0,0,0,3,0,2.73,9,,,,,,,,,,,0,0,0.404,1.79,0.34%,2.51,1.5,6/22/2018
"Peter Moylan, L (0-1)",Atlanta Braves,1,3,3,3,1,0,1,4.88,8,,,,,,,,,,,0,0,-0.461,1.36,-0.39%,1.90,-2.5,6/22/2018
Atlanta Braves Totals,Atlanta Braves,15,15,10,10,5,11,2,6.00,62,,,,,,,,,,64,3,2,-0.364,1.66,-0.31%,2.32,-2.7,6/22/2018
Trevor Richards,Miami Marlins,6,3,0,0,2,8,0,4.06,21,91,54,26,10,18,7,4,3,0,72,,,0.350,1.20,0.00%,0.01,2.7,7/28/2018
"Adam Conley, H (9)",Miami Marlins,0.2,0,0,0,1,0,0,3.49,3,10,5,2,1,2,2,0,0,0,,0,0,0.048,1.25,0.00%,0.01,0.2,7/28/2018
"Brad Ziegler, H (11)",Miami Marlins,0.1,0,0,0,0,0,0,4.06,1,1,1,1,0,0,1,0,0,0,,1,0,0.044,1.61,0.00%,0.01,0.2,7/28/2018
"Drew Steckenrider, H (16)",Miami Marlins,1,0,0,0,0,0,0,3.33,3,22,14,8,2,4,1,2,0,0,,0,0,0.115,1.56,0.00%,0.01,0.5,7/28/2018
"Kyle Barraclough, BS (5)",Miami Marlins,1,2,1,1,0,0,0,2.54,6,27,15,12,2,1,4,1,0,0,,0,0,-0.221,4.91,-0.00%,0.04,-0.5,7/28/2018
"Brett Graves, W (1-1)",Miami Marlins,1,0,0,0,0,1,0,7.84,3,11,7,2,2,3,1,1,0,0,,0,0,0.128,1.74,0.00%,0.01,0.5,7/28/2018
Miami Marlins Totals,Miami Marlins,10,5,1,1,3,9,0,0.90,37,162,96,51,17,28,16,8,3,0,72,1,0,0.464,1.92,0.00%,0.02,3.5,7/28/2018
Dan Straily,Miami Marlins,4.2,4,3,3,4,5,0,4.42,22,,,,,,,,,,45,,,-0.153,0.98,0.00%,0.00,-1.1,8/11/2018
Jarlín García,Miami Marlins,0.1,0,0,0,0,0,0,4.37,1,,,,,,,,,,,2,0,0.044,1.76,0.00%,0.00,0.4,8/11/2018
Elieser Hernández,Miami Marlins,1,1,0,0,0,0,0,5.68,4,,,,,,,,,,,0,0,0.072,1.33,0.00%,0.00,0.5,8/11/2018
Tayron Guerrero,Miami Marlins,1,0,0,0,0,0,0,4.00,3,,,,,,,,,,,0,0,0.084,1.14,0.00%,0.00,0.5,8/11/2018
Adam Conley,Miami Marlins,1,0,0,0,1,1,0,3.24,3,,,,,,,,,,,0,0,0.101,1.89,0.00%,0.00,0.5,8/11/2018
Drew Steckenrider,Miami Marlins,1,0,0,0,0,3,0,3.35,3,,,,,,,,,,,0,0,0.128,1.74,0.00%,0.00,0.5,8/11/2018
Drew Rucinski,Miami Marlins,1,1,0,0,1,0,0,2.84,5,,,,,,,,,,,0,0,0.128,2.64,0.00%,0.00,0.5,8/11/2018
"Javy Guerra, W (1-0)",Miami Marlins,1,0,0,0,0,0,0,5.94,3,,,,,,,,,,,0,0,0.128,1.74,0.00%,0.00,0.5,8/11/2018
Miami Marlins Totals,Miami Marlins,11,6,3,3,6,9,0,2.45,44,,,,,,,,,,45,2,0,0.532,1.38,0.00%,0.00,2.0,8/11/2018
Diego Castillo,Tampa Bay Rays,1,0,0,0,0,2,0,3.24,3,13,11,5,3,3,1,0,0,0,55,,,0.048,0.63,0.00%,0.02,0.5,9/16/2018
"Andrew Kittredge, W (3-2)",Tampa Bay Rays,2,0,0,0,1,1,0,6.37,6,25,16,9,2,5,2,2,2,0,,0,0,0.101,0.81,0.00%,0.02,1.0,9/16/2018
"Hunter Wood, H (3)",Tampa Bay Rays,2,1,0,0,0,0,0,3.82,7,29,19,16,0,3,3,4,2,0,,0,0,0.102,0.83,0.00%,0.02,1.0,9/16/2018
"Jaime Schultz, H (3)",Tampa Bay Rays,2,0,0,0,0,1,0,3.49,6,24,14,8,3,3,0,5,0,0,,0,0,0.093,0.61,0.00%,0.02,1.0,9/16/2018
Adam Kolarek,Tampa Bay Rays,1,2,0,0,0,0,0,4.20,4,16,11,5,1,5,3,1,1,0,,0,0,0.012,0.26,0.00%,0.01,0.5,9/16/2018
Jake Faria,Tampa Bay Rays,0,0,3,3,3,0,0,5.34,3,16,4,2,0,2,0,0,0,0,,0,0,-0.065,0.44,-0.00%,0.01,-1.8,9/16/2018
"José Alvarado, H (30)",Tampa Bay Rays,0.1,0,0,0,0,1,0,2.09,1,5,3,1,2,0,0,0,0,0,,3,0,0.037,1.71,0.00%,0.05,0.8,9/16/2018
"Sergio Romo, S (21)",Tampa Bay Rays,0.2,1,1,1,0,1,1,3.36,3,7,5,2,1,2,0,2,0,0,,3,3,0.034,1.52,0.00%,0.04,-2.4,9/16/2018
Tampa Bay Rays Totals,Tampa Bay Rays,9,4,4,4,4,6,1,4.00,33,135,83,48,12,23,9,14,5,0,55,6,3,0.362,0.76,0.01%,0.02,0.5,9/16/2018
"Mike Leake, L (2-3)",Seattle Mariners,5,10,9,5,1,4,2,4.98,28,98,64,36,9,19,12,11,4,0,22,,,-0.459,0.46,-0.38%,0.65,-6.4,4/27/2019
Mike Wright Jr.,Seattle Mariners,2,3,1,1,2,3,0,8.80,12,58,32,15,8,9,2,4,3,0,,0,0,-0.002,0.02,-0.00%,0.03,0.0,4/27/2019
Chasen Bradford,Seattle Mariners,1,2,1,1,0,0,1,3.86,5,22,16,14,0,2,2,3,1,0,,0,0,0.000,0.00,0.00%,0.00,-0.5,4/27/2019
Dylan Moore,Seattle Mariners,1,5,4,4,2,0,0,36.00,10,35,20,15,1,4,3,5,3,0,,0,0,0.000,0.00,0.00%,0.00,-3.5,4/27/2019
Seattle Mariners Totals,Seattle Mariners,9,20,15,11,5,7,3,11.00,55,213,132,80,18,34,19,23,11,0,22,0,0,-0.461,0.23,-0.39%,0.33,-10.3,4/27/2019
"Jon Lester, W (9-6)",Chicago Cubs,6.2,8,3,3,0,6,2,3.74,28,98,62,40,4,18,10,12,6,0,52,,,0.084,0.26,0.09%,0.47,0.2,7/13/2019
Brandon Kintzler,Chicago Cubs,0.1,0,0,0,0,0,0,1.96,1,6,3,2,1,0,1,0,0,0,,2,0,0.005,0.18,0.01%,0.32,0.5,7/13/2019
Randy Rosario,Chicago Cubs,1.1,3,1,1,0,1,1,5.23,7,23,13,10,2,1,2,4,2,0,,0,0,0.002,0.12,0.00%,0.22,-0.5,7/13/2019
Steve Cishek,Chicago Cubs,0.2,0,0,0,0,0,0,2.68,1,2,2,2,0,0,1,0,0,0,,1,0,0.002,0.09,0.00%,0.16,0.5,7/13/2019
Chicago Cubs Totals,Chicago Cubs,9,11,4,4,0,7,3,4.00,37,129,80,54,7,19,14,16,8,0,52,3,0,0.093,0.23,0.10%,0.41,0.8,7/13/2019
"Austin Voth, W (2-1)",Washington Nationals,6,2,2,2,0,5,0,3.30,20,73,43,21,10,12,5,10,4,0,65,,,0.160,0.90,0.02%,0.18,1.2,9/27/2019
Hunter Strickland,Washington Nationals,1,1,0,0,0,1,0,5.55,4,14,13,6,6,1,1,2,2,0,,0,0,0.019,0.26,0.00%,0.05,0.5,9/27/2019
Wander Suero,Washington Nationals,1,0,0,0,0,1,0,4.58,3,16,10,4,3,3,2,0,0,0,,0,0,0.014,0.18,0.00%,0.03,0.5,9/27/2019
Tanner Rainey,Washington Nationals,1,0,0,0,0,1,0,3.91,3,8,7,3,1,3,2,0,0,0,,0,0,0.003,0.04,0.00%,0.01,0.5,9/27/2019
Washington Nationals Totals,Washington Nationals,9,3,2,2,0,8,0,2.00,30,111,73,34,20,19,10,12,6,0,65,0,0,0.196,0.65,0.02%,0.13,2.9,9/27/2019
"Kolby Allard, L (2-5)",Texas Rangers,5.1,5,5,2,2,9,0,3.45,25,90,62,29,11,22,5,8,3,0,51,,,-0.096,1.28,-0.00%,0.02,-1.1,7/5/2021
Brett Martin,Texas Rangers,0.2,1,1,1,0,0,1,2.73,3,7,6,5,1,0,2,1,0,0,,2,2,-0.072,0.46,-0.00%,0.01,-1.8,7/5/2021
Dennis Santana,Texas Rangers,1.2,2,1,1,1,0,0,5.60,8,34,22,17,1,4,1,6,3,0,,0,0,-0.001,0.04,0.00%,0.00,-0.4,7/5/2021
Taylor Hearn,Texas Rangers,1.1,0,0,0,0,1,0,5.22,5,22,16,9,3,4,3,1,0,0,,2,0,0.001,0.01,0.00%,0.00,1.0,7/5/2021
Texas Rangers Totals,Texas Rangers,9,8,7,3,3,10,1,3.00,41,153,106,60,16,30,11,16,6,0,51,4,2,-0.168,0.82,-0.00%,0.01,-2.3,7/5/2021
Framber Valdez,Houston Astros,5,10,6,5,2,6,0,2.86,25,,,,,,,,,,29,,,-0.370,0.87,-0.38%,1.50,-3.4,7/6/2021
"Bryan Abreu, W (3-3)",Houston Astros,2,1,0,0,0,2,0,3.90,7,,,,,,,,,,,0,0,0.126,1.09,0.13%,1.90,1.1,7/6/2021
"Ryne Stanek, H (10)",Houston Astros,1,0,0,0,0,1,0,4.21,3,,,,,,,,,,,0,0,0.045,0.58,0.05%,1.01,0.5,7/6/2021
"Ryan Pressly, S (15)",Houston Astros,1,0,0,0,0,1,0,1.50,3,,,,,,,,,,,0,0,0.035,0.45,0.04%,0.78,0.5,7/6/2021
Houston Astros Totals,Houston Astros,9,11,6,5,2,10,0,5.00,38,,,,,,,,,,29,0,0,-0.164,0.85,-0.17%,1.48,-1.3,7/6/2021
"Logan Webb, W (4-1)",San Francisco Giants,5,8,4,4,2,7,0,3.82,24,84,56,26,12,18,7,8,7,0,40,,,-0.148,0.88,-0.08%,0.83,-1.6,5/7/2022
Dominic Leone,San Francisco Giants,1,1,0,0,0,2,0,2.25,4,16,12,6,4,2,2,0,0,0,,0,0,0.019,0.48,0.01%,0.46,0.5,5/7/2022
Zack Littell,San Francisco Giants,1,4,3,3,0,1,1,4.00,7,28,17,8,5,4,2,4,2,0,,0,0,-0.079,0.65,-0.04%,0.62,-2.5,5/7/2022
"Tyler Rogers, H (7)",San Francisco Giants,1,1,0,0,0,0,0,2.31,4,12,10,6,0,4,1,3,1,0,,0,0,0.041,0.58,0.02%,0.55,0.5,5/7/2022
Jarlín García,San Francisco Giants,1,0,0,0,1,0,0,0.00,4,19,10,6,2,2,0,3,0,0,,0,0,0.002,0.07,0.00%,0.07,0.5,5/7/2022
San Francisco Giants Totals,San Francisco Giants,9,14,7,7,3,10,1,7.00,43,159,105,52,23,30,12,18,10,0,40,0,0,-0.165,0.70,-0.09%,0.67,-2.7,5/7/2022
Kyle Muller,Oakland Athletics,5,4,1,1,1,3,0,1.80,19,72,44,31,5,8,8,7,4,0,57,,,0.112,1.22,0.07%,1.22,1.3,3/30/2023
Zach Jackson,Oakland Athletics,1,0,0,0,1,1,0,0.00,4,19,7,2,2,3,0,2,0,0,,0,0,0.052,0.74,0.03%,0.74,0.5,3/30/2023
Domingo Acevedo,Oakland Athletics,1,0,0,0,0,2,0,0.00,3,20,16,13,2,1,1,0,0,0,,0,0,0.052,0.70,0.03%,0.70,0.5,3/30/2023
"Trevor May, W (1-0)",Oakland Athletics,1,1,0,0,1,1,0,0.00,5,17,11,5,2,4,1,2,1,0,,0,0,0.048,1.13,0.03%,1.12,0.5,3/30/2023
"Dany Jiménez, S (1)",Oakland Athletics,1,0,0,0,1,1,0,0.00,4,27,16,8,4,4,0,2,0,0,,0,0,0.155,2.86,0.09%,2.85,0.5,3/30/2023
Oakland Athletics Totals,Oakland Athletics,9,5,1,1,4,8,0,1.00,35,155,94,59,15,20,10,13,5,0,57,0,0,0.419,1.29,0.25%,1.28,3.2,3/30/2023
Logan Gilbert,Seattle Mariners,5.1,6,2,2,3,3,1,4.31,24,80,49,31,9,9,9,9,4,0,48,,,0.010,1.27,0.00%,0.83,0.2,6/17/2023
"Matt Brash, H (6)",Seattle Mariners,0.2,0,0,0,0,1,0,4.08,2,8,5,1,3,1,0,1,0,0,,1,0,0.110,1.98,0.04%,1.29,0.7,6/17/2023
"Justin Topa, H (12)",Seattle Mariners,1,2,0,0,0,0,0,3.29,4,16,12,10,0,2,3,1,1,0,,0,0,0.095,2.28,0.04%,1.49,0.5,6/17/2023
"Andrés Muñoz, H (5)",Seattle Mariners,1,0,0,0,1,2,0,0.00,4,24,14,7,4,3,1,0,0,0,,0,0,0.119,1.69,0.05%,1.11,0.5,6/17/2023
"Paul Sewald, BS (2)",Seattle Mariners,1,2,1,1,1,1,0,2.76,6,19,13,6,4,3,1,3,2,0,,0,0,-0.207,4.42,-0.08%,2.90,-0.5,6/17/2023
Gabe Speier,Seattle Mariners,1,0,0,0,0,2,0,2.19,3,11,8,3,5,0,1,0,0,0,,0,0,0.308,4.06,0.12%,2.66,1.1,6/17/2023
"Tayler Saucedo, L (2-1)",Seattle Mariners,0.2,2,1,0,0,0,0,3.12,4,9,7,7,0,0,1,3,2,0,,0,0,-0.132,3.79,-0.05%,2.48,-0.4,6/17/2023
Ty Adcock,Seattle Mariners,0.1,0,0,0,0,1,0,0.00,1,3,3,0,3,0,0,0,0,0,,2,0,0.071,2.91,0.03%,1.91,0.5,6/17/2023
Seattle Mariners Totals,Seattle Mariners,11,12,4,3,5,10,1,2.45,48,170,111,65,28,18,16,17,9,0,48,3,0,0.374,2.23,0.15%,1.46,2.6,6/17/2023
"Marcus Stroman, W (10-6)",Chicago Cubs,6,3,1,1,1,3,0,2.88,21,91,54,33,3,18,8,9,2,0,64,,,0.176,0.64,0.04%,0.22,2.3,7/15/2023
Julian Merryweather,Chicago Cubs,1,2,2,2,0,2,1,3.72,5,20,16,8,6,2,0,3,0,0,,0,0,-0.006,0.16,-0.00%,0.05,-1.5,7/15/2023
Michael Fulmer,Chicago Cubs,1,0,1,1,2,1,0,4.61,5,22,12,4,3,5,2,0,0,0,,0,0,0.002,0.20,0.00%,0.07,-0.5,7/15/2023
Daniel Palencia,Chicago Cubs,1,1,0,0,0,1,0,0.00,4,15,10,7,2,1,1,2,2,0,,0,0,0.003,0.03,0.00%,0.01,0.5,7/15/2023
Chicago Cubs Totals,Chicago Cubs,9,6,4,4,3,7,1,4.00,35,148,92,52,14,26,11,14,4,0,64,0,0,0.175,0.43,0.04%,0.15,0.9,7/15/2023
"Seth Lugo, W (6-6)",San Diego Padres,6,3,0,0,1,4,0,3.49,22,89,55,31,6,18,7,10,2,0,69,,,0.234,0.64,0.00%,0.02,3.0,9/3/2023
Nick Martínez,San Diego Padres,1,1,0,0,0,1,0,3.91,5,18,12,5,2,5,1,2,0,0,,0,0,0.028,0.50,0.00%,0.01,0.5,9/3/2023
Scott Barlow,San Diego Padres,1,0,0,0,1,1,0,4.95,4,20,11,5,2,4,0,2,0,0,,0,0,0.023,0.31,0.00%,0.01,0.5,9/3/2023
Josh Hader,San Diego Padres,1,0,0,0,1,3,0,1.13,4,22,12,4,3,5,0,0,0,0,,0,0,0.014,0.19,0.00%,0.00,0.5,9/3/2023
San Diego Padres Totals,San Diego Padres,9,4,0,0,3,9,0,0.00,35,149,90,45,13,32,8,14,2,0,69,0,0,0.299,0.53,0.00%,0.01,4.5,9/3/2023
"Steven Matz, W (1-0)",St. Louis Cardinals,5,4,0,0,1,3,0,1.74,19,85,56,38,9,9,8,7,2,0,61,,,0.280,1.25,0.16%,1.16,2.6,4/6/2024
"Giovanny Gallegos, H (2)",St. Louis Cardinals,1,0,0,0,0,0,0,1.80,3,20,15,11,1,3,2,1,0,0,,0,0,0.050,0.64,0.03%,0.60,0.5,4/6/2024
"JoJo Romero, H (3)",St. Louis Cardinals,1,1,0,0,0,1,0,1.80,4,16,12,6,2,4,1,2,0,0,,0,0,0.049,1.16,0.03%,1.08,0.5,4/6/2024
"Andrew Kittredge, H (4)",St. Louis Cardinals,1,2,1,1,0,1,0,2.45,4,13,10,6,2,2,1,2,1,0,,0,0,0.011,1.17,0.01%,1.09,-0.5,4/6/2024
"Ryan Helsley, S (3)",St. Louis Cardinals,1,1,0,0,0,0,0,3.60,4,6,5,4,1,0,3,1,0,0,,0,0,0.077,1.06,0.04%,0.99,0.5,4/6/2024
St. Louis Cardinals Totals,St. Louis Cardinals,9,8,1,1,1,5,0,1.00,34,140,98,65,15,18,15,13,3,0,61,0,0,0.467,1.15,0.26%,1.07,3.7,4/6/2024
"Kyle Gibson, L (1-1)",St. Louis Cardinals,6,7,7,7,1,5,2,6.23,26,94,56,33,9,14,11,9,3,0,34,,,-0.395,0.39,-0.22%,0.36,-3.9,4/7/2024
Ryan Fernandez,St. Louis Cardinals,1.1,4,3,2,1,1,0,7.71,10,41,25,15,3,7,1,6,6,0,,0,0,-0.007,0.05,-0.00%,0.05,-0.9,4/7/2024
John King,St. Louis Cardinals,1.2,2,0,0,0,2,0,3.86,8,26,21,13,5,3,4,2,1,0,,2,2,-0.002,0.00,-0.00%,0.00,-0.5,4/7/2024
St. Louis Cardinals Totals,St. Louis Cardinals,9,13,10,9,2,8,2,9.00,44,161,102,61,17,24,16,17,10,0,34,2,2,-0.404,0.24,-0.23%,0.23,-5.3,4/7/2024
"Cole Irvin, W (4-1)",Baltimore Orioles,5.2,5,2,2,1,6,1,2.90,23,95,62,32,11,19,6,10,4,0,56,,,0.189,0.88,0.14%,1.05,1.5,5/10/2024
"Albert Suárez, H (1)",Baltimore Orioles,0.1,1,0,0,0,0,0,2.25,2,6,3,2,0,1,0,2,1,0,,2,1,-0.048,2.60,-0.03%,3.12,-0.6,5/10/2024
"Craig Kimbrel, H (3)",Baltimore Orioles,1,0,0,0,0,1,0,4.40,3,12,8,5,1,2,0,2,1,0,,0,0,0.095,1.26,0.07%,1.51,0.5,5/10/2024
"Jacob Webb, H (3)",Baltimore Orioles,0.2,0,0,0,1,0,0,1.59,3,13,6,4,1,1,1,1,0,0,,0,0,0.039,0.97,0.03%,1.16,0.3,5/10/2024
"Cionel Pérez, H (4)",Baltimore Orioles,0.1,0,0,0,0,0,0,3.86,2,6,3,2,0,1,1,0,0,0,,1,0,0.035,1.95,0.03%,2.33,0.2,5/10/2024
"Yennier Cano, S (2)",Baltimore Orioles,1,1,0,0,0,1,0,1.89,4,16,10,5,2,3,3,0,0,0,,0,0,0.072,1.89,0.05%,2.26,0.5,5/10/2024
Baltimore Orioles Totals,Baltimore Orioles,9,7,2,2,2,8,1,2.00,37,148,92,50,15,27,11,15,6,0,56,3,1,0.382,1.18,0.28%,1.41,2.4,5/10/2024
"Christian Scott, L (0-1)",New York Mets,6,6,3,3,2,8,1,2.84,25,91,55,33,14,8,4,11,4,0,54,,,-0.108,0.70,-0.06%,0.61,-0.9,5/11/2024
Sean Reid-Foley,New York Mets,2,0,0,0,0,2,0,0.00,6,23,16,8,5,3,3,1,1,0,,2,0,0.071,0.47,0.04%,0.40,2.0,5/11/2024
Jorge López,New York Mets,1,1,1,1,2,0,0,2.41,7,25,12,10,1,1,1,3,0,0,,0,0,-0.015,0.24,-0.01%,0.21,-0.5,5/11/2024
New York Mets Totals,New York Mets,9,7,4,4,4,10,1,4.00,38,139,83,51,20,12,8,15,5,0,54,2,0,-0.052,0.57,-0.03%,0.49,0.6,5/11/2024
"Kutter Crawford, L (2-2)",Boston Red Sox,6,7,4,4,1,6,0,2.24,26,101,70,46,8,16,4,15,9,0,47,,,-0.066,0.96,-0.04%,0.90,-0.7,5/13/2024
Greg Weissert,Boston Red Sox,2,3,1,1,1,2,0,1.56,9,43,31,18,5,8,4,2,2,0,,0,0,-0.027,0.97,-0.01%,0.91,0.1,5/13/2024
Chase Anderson,Boston Red Sox,1,0,0,0,0,1,0,4.34,3,8,6,4,2,0,0,2,0,0,,0,0,0.020,0.26,0.01%,0.24,0.5,5/13/2024
Boston Red Sox Totals,Boston Red Sox,9,10,5,5,2,9,0,5.00,38,152,107,68,15,24,8,19,11,0,47,0,0,-0.073,0.92,-0.04%,0.86,-0.1,5/13/2024
