,Team,MP,FG,FGA,FG%,3P,3PA,3P%,FT,FTA,FT%,ORB,DRB,TRB,AST,STL,BLK,TOV,PF,PTS,+/-,Date
Gordon Hayward,UTA,34:46,5,13,.385,2,4,.500,3,4,.750,0,8,8,7,2,0,4,2,15,+12,2/11/2014
Trey Burke,UTA,28:49,3,11,.273,1,3,.333,1,1,1.000,1,3,4,8,1,0,1,1,8,+2,2/11/2014
Derrick Favors,UTA,27:03,4,9,.444,0,0,,3,7,.429,2,8,10,1,1,3,1,3,11,-4,2/11/2014
Marvin Williams,UTA,22:29,4,8,.500,1,2,.500,0,0,,3,4,7,1,0,0,1,0,9,-4,2/11/2014
Richard Jefferson,UTA,19:53,0,4,.000,0,2,.000,2,2,1.000,0,1,1,2,0,0,0,0,2,-13,2/11/2014
Alec Burks,UTA,29:21,8,11,.727,1,1,1.000,7,11,.636,2,1,3,0,1,0,1,2,24,+25,2/11/2014
Jeremy Evans,UTA,25:31,7,10,.700,0,0,,0,0,,3,2,5,0,3,2,0,3,14,+21,2/11/2014
Enes Freedom,UTA,20:57,3,7,.429,0,0,,0,0,,2,9,11,0,0,0,2,1,6,+21,2/11/2014
Diante Garrett,UTA,19:11,2,8,.250,0,2,.000,0,0,,2,4,6,4,1,0,1,1,4,+15,2/11/2014
Brandon Rush,UTA,12:00,1,4,.250,1,3,.333,0,0,,0,0,0,0,1,1,0,1,3,+10,2/11/2014
Andris Biedriņš,UTA,Did Not Play,,,,,,,,,,,,,,,,,,,,2/11/2014
Rudy Gobert,UTA,Did Not Play,,,,,,,,,,,,,,,,,,,,2/11/2014
John Lucas III,UTA,Did Not Play,,,,,,,,,,,,,,,,,,,,2/11/2014
Team Totals,UTA,240,37,85,.435,6,17,.353,16,25,.640,15,40,55,23,10,6,11,14,96,,2/11/2014
Jeff Teague,ATL,35:41,9,17,.529,2,4,.500,6,7,.857,0,4,4,8,3,0,0,0,26,+24,1/2/2015
DeMarre Carroll,ATL,33:53,3,9,.333,0,4,.000,4,5,.800,1,6,7,3,1,0,2,2,10,+1,1/2/2015
Paul Millsap,ATL,33:42,2,11,.182,1,3,.333,10,10,1.000,3,8,11,4,0,0,2,4,15,+22,1/2/2015
Kyle Korver,ATL,32:00,3,5,.600,1,3,.333,2,2,1.000,2,6,8,2,1,0,1,6,9,+28,1/2/2015
Al Horford,ATL,29:13,6,13,.462,0,0,,1,2,.500,1,4,5,0,1,2,2,0,13,0,1/2/2015
Elton Brand,ATL,18:47,3,5,.600,0,0,,0,0,,1,4,5,0,0,1,0,0,6,+6,1/2/2015
Thabo Sefolosha,ATL,17:45,2,5,.400,0,2,.000,2,2,1.000,1,0,1,4,3,0,1,1,6,-9,1/2/2015
Mike Scott,ATL,14:18,3,8,.375,1,4,.250,1,2,.500,1,0,1,1,0,0,1,0,8,-16,1/2/2015
Kent Bazemore,ATL,12:22,2,6,.333,1,3,.333,0,0,,0,3,3,0,0,0,0,2,5,-8,1/2/2015
Dennis Schröder,ATL,12:19,0,2,.000,0,0,,0,0,,1,1,2,2,0,0,1,2,0,-18,1/2/2015
Pero Antić,ATL,Did Not Play,,,,,,,,,,,,,,,,,,,,1/2/2015
Shelvin Mack,ATL,Did Not Play,,,,,,,,,,,,,,,,,,,,1/2/2015
Mike Muscala,ATL,Did Not Play,,,,,,,,,,,,,,,,,,,,1/2/2015
Team Totals,ATL,240,33,81,.407,6,23,.261,26,30,.867,11,36,47,24,9,3,10,17,98,,1/2/2015
Matt Barnes,MEM,36:03,8,17,.471,5,10,.500,3,3,1.000,0,6,6,1,0,1,4,4,24,-13,4/3/2016
Zach Randolph,MEM,31:40,5,15,.333,1,2,.500,4,6,.667,2,5,7,7,0,0,1,3,15,-1,4/3/2016
Chris Andersen,MEM,15:59,1,3,.333,0,1,.000,0,0,,2,1,3,0,0,0,0,2,2,-25,4/3/2016
Jordan Farmar,MEM,14:14,1,5,.200,0,3,.000,0,0,,0,0,0,3,1,0,2,1,2,-7,4/3/2016
Tony Allen,MEM,14:01,5,8,.625,0,2,.000,0,0,,3,2,5,1,0,0,1,0,10,-8,4/3/2016
Xavier Munford,MEM,33:46,4,8,.500,1,1,1.000,1,2,.500,0,2,2,1,2,0,3,3,10,-5,4/3/2016
JaMychal Green,MEM,29:59,5,9,.556,0,0,,1,4,.250,3,7,10,3,0,1,0,4,11,-2,4/3/2016
Vince Carter,MEM,24:25,6,9,.667,1,2,.500,0,1,.000,0,3,3,2,1,0,1,1,13,-6,4/3/2016
Lance Stephenson,MEM,22:45,4,11,.364,0,0,,3,4,.750,0,4,4,3,0,1,1,1,11,-4,4/3/2016
Jarell Martin,MEM,15:36,1,3,.333,0,0,,5,6,.833,2,4,6,1,0,0,1,2,7,+11,4/3/2016
Bryce Cotton,MEM,0:46,1,1,1.000,0,0,,0,0,,0,0,0,0,0,0,0,0,2,0,4/3/2016
Ryan Hollins,MEM,0:46,0,0,,0,0,,0,0,,0,0,0,0,0,1,0,0,0,0,4/3/2016
P.J. Hairston,MEM,Did Not Dress,,,,,,,,,,,,,,,,,,,,4/3/2016
Team Totals,MEM,240,41,89,.461,8,21,.381,17,26,.654,12,34,46,22,4,4,14,21,107,,4/3/2016
Donovan Mitchell,UTA,34:45,6,17,.353,1,6,.167,4,5,.800,0,7,7,3,2,1,3,4,17,-11,12/27/2017
Thabo Sefolosha,UTA,32:49,4,12,.333,1,2,.500,2,2,1.000,3,5,8,1,2,1,2,3,11,-14,12/27/2017
Ricky Rubio,UTA,25:31,5,13,.385,0,2,.000,0,0,,0,2,2,2,2,0,1,1,10,-9,12/27/2017
Derrick Favors,UTA,25:30,7,11,.636,0,0,,3,4,.750,5,5,10,1,0,0,0,4,17,-6,12/27/2017
Joe Ingles,UTA,24:03,1,4,.250,1,2,.500,0,0,,0,4,4,7,0,0,4,2,3,-24,12/27/2017
Rodney Hood,UTA,29:16,9,20,.450,2,5,.400,6,8,.750,2,3,5,0,3,0,1,1,26,-22,12/27/2017
Ekpe Udoh,UTA,22:30,0,0,,0,0,,0,0,,0,1,1,1,1,0,0,1,0,-19,12/27/2017
Alec Burks,UTA,20:04,3,8,.375,1,3,.333,3,4,.750,0,2,2,3,0,0,1,3,10,-17,12/27/2017
Joe Johnson,UTA,15:11,1,4,.250,0,1,.000,0,0,,0,1,1,1,0,0,1,1,2,-11,12/27/2017
Royce O'Neale,UTA,10:21,1,3,.333,0,2,.000,3,4,.750,0,3,3,2,0,0,0,2,5,+8,12/27/2017
Rudy Gobert,UTA,Did Not Dress,,,,,,,,,,,,,,,,,,,,12/27/2017
Jonas Jerebko,UTA,Did Not Play,,,,,,,,,,,,,,,,,,,,12/27/2017
Naz Mitrou-Long,UTA,Did Not Play,,,,,,,,,,,,,,,,,,,,12/27/2017
Team Totals,UTA,240,37,92,.402,6,23,.261,21,27,.778,10,33,43,21,10,2,13,22,101,,12/27/2017
Brandon Ingram,LAL,33:39,7,13,.538,0,2,.000,3,4,.750,0,6,6,7,0,0,0,1,17,-7,11/17/2018
Lonzo Ball,LAL,28:13,0,5,.000,0,3,.000,0,0,,0,5,5,4,2,1,3,4,0,-9,11/17/2018
Kyle Kuzma,LAL,27:09,3,10,.300,1,4,.250,1,2,.500,0,6,6,0,0,2,5,2,8,-7,11/17/2018
LeBron James,LAL,25:53,8,19,.421,3,6,.500,3,4,.750,0,4,4,7,0,1,3,0,22,-11,11/17/2018
JaVale McGee,LAL,15:55,5,7,.714,0,0,,1,2,.500,3,1,4,0,0,0,1,1,11,-6,11/17/2018
Kentavious Caldwell-Pope,LAL,28:19,3,9,.333,0,3,.000,4,4,1.000,3,1,4,0,0,0,0,3,10,-6,11/17/2018
Lance Stephenson,LAL,21:40,6,9,.667,1,3,.333,6,6,1.000,1,5,6,3,2,0,1,1,19,-2,11/17/2018
Josh Hart,LAL,20:11,5,7,.714,3,4,.750,0,0,,0,2,2,1,0,2,0,2,13,-17,11/17/2018
Tyson Chandler,LAL,17:21,1,1,1.000,0,0,,0,0,,0,3,3,0,0,0,1,1,2,-12,11/17/2018
Svi Mykhailiuk,LAL,10:30,2,3,.667,2,3,.667,2,2,1.000,0,0,0,0,0,0,0,1,8,+5,11/17/2018
Michael Beasley,LAL,9:04,3,6,.500,0,1,.000,1,1,1.000,1,0,1,0,1,0,0,4,7,+5,11/17/2018
Moritz Wagner,LAL,2:06,0,1,.000,0,1,.000,0,0,,0,0,0,0,0,0,0,0,0,+2,11/17/2018
Ivica Zubac,LAL,Did Not Play,,,,,,,,,,,,,,,,,,,,11/17/2018
Team Totals,LAL,240,43,90,.478,10,30,.333,21,25,.840,8,33,41,22,5,6,14,20,117,,11/17/2018
Tim Hardaway Jr.,NYK,35:57,9,20,.450,5,10,.500,9,10,.900,1,1,2,2,3,0,1,2,32,-24,11/18/2018
Kevin Knox,NYK,23:26,2,8,.250,0,3,.000,0,0,,1,1,2,0,0,0,1,3,4,-17,11/18/2018
Emmanuel Mudiay,NYK,22:40,5,8,.625,0,1,.000,2,4,.500,1,0,1,2,0,0,2,3,12,-21,11/18/2018
Allonzo Trier,NYK,12:41,2,5,.400,1,1,1.000,2,2,1.000,1,1,2,0,0,0,0,0,7,-11,11/18/2018
Mitchell Robinson,NYK,8:42,0,1,.000,0,0,,0,0,,2,0,2,0,1,0,0,5,0,-3,11/18/2018
Enes Freedom,NYK,37:41,8,16,.500,0,1,.000,5,5,1.000,8,11,19,3,0,1,4,3,21,-4,11/18/2018
Noah Vonleh,NYK,34:32,2,5,.400,1,1,1.000,2,2,1.000,2,7,9,1,0,1,2,4,7,-4,11/18/2018
Trey Burke,NYK,29:11,11,20,.550,1,7,.143,8,10,.800,1,2,3,2,2,0,3,2,31,+6,11/18/2018
Frank Ntilikina,NYK,21:31,0,1,.000,0,0,,0,0,,0,2,2,2,1,0,0,2,0,+10,11/18/2018
Damyean Dotson,NYK,13:39,1,3,.333,0,0,,1,2,.500,0,0,0,0,0,0,1,2,3,-2,11/18/2018
Ron Baker,NYK,Did Not Play,,,,,,,,,,,,,,,,,,,,11/18/2018
Mario Hezonja,NYK,Did Not Play,,,,,,,,,,,,,,,,,,,,11/18/2018
Team Totals,NYK,240,40,87,.460,8,24,.333,29,35,.829,17,25,42,12,7,2,14,26,117,,11/18/2018
Donovan Mitchell,UTA,37:40,8,24,.333,1,7,.143,1,1,1.000,0,5,5,3,1,0,2,2,18,-5,12/2/2018
Rudy Gobert,UTA,37:15,5,9,.556,0,0,,2,5,.400,4,14,18,4,1,3,2,2,12,+19,12/2/2018
Ricky Rubio,UTA,36:05,9,13,.692,2,4,.500,3,3,1.000,0,5,5,6,1,0,3,3,23,+14,12/2/2018
Jae Crowder,UTA,34:09,6,15,.400,3,7,.429,4,4,1.000,2,4,6,2,1,0,4,3,19,+1,12/2/2018
Joe Ingles,UTA,29:10,5,13,.385,1,4,.250,0,0,,0,4,4,4,2,0,0,4,11,+7,12/2/2018
Royce O'Neale,UTA,18:43,2,2,1.000,2,2,1.000,0,0,,0,2,2,1,0,1,1,1,6,+4,12/2/2018
Derrick Favors,UTA,17:53,2,4,.500,1,2,.500,0,0,,3,4,7,0,2,2,0,2,5,-19,12/2/2018
Kyle Korver,UTA,17:23,1,6,.167,1,5,.200,0,0,,1,1,2,0,0,0,1,0,3,-18,12/2/2018
Thabo Sefolosha,UTA,6:39,0,1,.000,0,1,.000,0,0,,0,1,1,0,0,0,0,0,0,-5,12/2/2018
Raul Neto,UTA,3:07,1,1,1.000,0,0,,0,0,,0,0,0,1,0,0,0,0,2,-4,12/2/2018
Dante Exum,UTA,1:55,0,1,.000,0,1,.000,1,2,.500,0,0,0,0,0,0,0,1,1,-4,12/2/2018
Grayson Allen,UTA,Did Not Play,,,,,,,,,,,,,,,,,,,,12/2/2018
Ekpe Udoh,UTA,Did Not Play,,,,,,,,,,,,,,,,,,,,12/2/2018
Team Totals,UTA,240,39,89,.438,11,33,.333,11,15,.733,10,40,50,21,8,6,13,18,100,,12/2/2018
Harrison Barnes,SAC,35:45,5,10,.500,2,4,.500,4,6,.667,3,1,4,4,2,0,0,2,16,+14,11/8/2019
De'Aaron Fox,SAC,29:54,6,10,.600,0,0,,5,6,.833,1,3,4,9,1,1,5,3,17,-4,11/8/2019
Richaun Holmes,SAC,29:18,1,4,.250,0,0,,0,0,,2,7,9,1,0,1,0,1,2,+10,11/8/2019
Buddy Hield,SAC,25:54,9,17,.529,3,8,.375,1,1,1.000,1,4,5,1,0,1,2,1,22,-4,11/8/2019
Nemanja Bjelica,SAC,19:27,5,7,.714,3,4,.750,0,0,,0,0,0,3,1,0,1,2,13,-2,11/8/2019
Cory Joseph,SAC,28:41,4,8,.500,1,2,.500,0,0,,0,4,4,4,0,2,1,2,9,+11,11/8/2019
Bogdan Bogdanović,SAC,28:31,6,9,.667,5,6,.833,3,3,1.000,0,4,4,5,1,1,2,2,20,+21,11/8/2019
Trevor Ariza,SAC,23:48,5,7,.714,4,6,.667,0,0,,0,2,2,0,2,0,3,4,14,+12,11/8/2019
Dewayne Dedmon,SAC,11:03,0,2,.000,0,1,.000,4,4,1.000,2,1,3,0,0,0,0,1,4,0,11/8/2019
Harry Giles,SAC,7:39,1,2,.500,0,0,,2,2,1.000,0,1,1,0,0,1,0,1,4,+2,11/8/2019
Yogi Ferrell,SAC,Did Not Play,,,,,,,,,,,,,,,,,,,,11/8/2019
Wenyen Gabriel,SAC,Did Not Play,,,,,,,,,,,,,,,,,,,,11/8/2019
Caleb Swanigan,SAC,Did Not Play,,,,,,,,,,,,,,,,,,,,11/8/2019
Team Totals,SAC,240,42,76,.553,18,31,.581,19,22,.864,9,27,36,27,7,7,14,19,121,,11/8/2019
Garrett Temple,NOP,34:15,4,12,.333,1,6,.167,3,4,.750,3,5,8,2,0,2,1,1,12,-4,11/3/2021
Nickeil Alexander-Walker,NOP,32:54,7,16,.438,1,6,.167,1,2,.500,1,3,4,4,1,0,3,4,16,-6,11/3/2021
Josh Hart,NOP,31:52,4,11,.364,1,4,.250,0,0,,0,3,3,2,0,0,1,2,9,-6,11/3/2021
Devonte' Graham,NOP,30:55,5,9,.556,4,7,.571,2,2,1.000,1,0,1,7,0,0,2,3,16,-2,11/3/2021
Jonas Valančiūnas,NOP,29:10,5,13,.385,2,3,.667,2,2,1.000,1,10,11,2,0,0,2,1,14,+4,11/3/2021
Naji Marshall,NOP,19:50,2,5,.400,1,3,.333,0,0,,2,3,5,0,0,0,1,0,5,-9,11/3/2021
Kira Lewis Jr.,NOP,16:51,6,9,.667,2,3,.667,0,0,,0,2,2,0,0,0,3,2,14,-14,11/3/2021
Trey Murphy III,NOP,13:59,0,2,.000,0,1,.000,0,0,,0,4,4,3,0,0,1,0,0,-5,11/3/2021
Tomáš Satoranský,NOP,12:56,2,5,.400,0,0,,1,1,1.000,0,0,0,2,0,0,2,1,5,-7,11/3/2021
Willy Hernangómez,NOP,10:45,2,2,1.000,0,0,,4,4,1.000,0,2,2,1,0,0,0,2,8,-11,11/3/2021
Jaxson Hayes,NOP,4:27,0,2,.000,0,1,.000,0,0,,0,0,0,0,0,1,0,0,0,-7,11/3/2021
Jose Alvarado,NOP,1:03,0,0,,0,0,,0,0,,0,0,0,0,0,0,0,0,0,+1,11/3/2021
Didi Louzada,NOP,1:03,0,0,,0,0,,0,0,,0,0,0,1,0,0,0,0,0,+1,11/3/2021
Brandon Ingram,NOP,Did Not Play,,,,,,,,,,,,,,,,,,,,11/3/2021
Team Totals,NOP,240,37,86,.430,12,34,.353,13,15,.867,8,32,40,24,1,3,16,16,99,,11/3/2021
Myles Turner,IND,34:35,4,10,.400,2,5,.400,2,2,1.000,2,13,15,3,1,5,1,5,12,+22,11/7/2021
T.J. McConnell,IND,32:45,8,13,.615,0,0,,2,3,.667,1,6,7,4,1,0,4,2,18,0,11/7/2021
Chris Duarte,IND,31:20,6,12,.500,2,5,.400,1,2,.500,0,5,5,2,1,0,2,2,15,+19,11/7/2021
Caris LeVert,IND,30:52,9,22,.409,1,5,.200,3,4,.750,3,3,6,1,1,1,3,3,22,+19,11/7/2021
Domantas Sabonis,IND,29:24,7,13,.538,0,3,.000,3,3,1.000,3,7,10,1,3,0,3,5,17,-5,11/7/2021
Torrey Craig,IND,28:45,1,2,.500,0,1,.000,0,0,,2,3,5,0,1,0,1,4,2,-10,11/7/2021
Justin Holiday,IND,28:20,2,5,.400,1,3,.333,0,0,,1,1,2,0,0,0,2,1,5,-9,11/7/2021
Brad Wanamaker,IND,11:10,0,1,.000,0,0,,1,2,.500,0,2,2,2,0,1,3,0,1,-5,11/7/2021
Jeremy Lamb,IND,5:56,0,3,.000,0,1,.000,2,2,1.000,1,1,2,0,0,0,0,0,2,-9,11/7/2021
Kelan Martin,IND,4:01,0,1,.000,0,1,.000,0,0,,0,0,0,0,0,0,0,0,0,-6,11/7/2021
Goga Bitadze,IND,2:52,0,1,.000,0,1,.000,0,0,,0,0,0,0,0,0,0,2,0,-1,11/7/2021
Oshae Brissett,IND,Did Not Play,,,,,,,,,,,,,,,,,,,,11/7/2021
Team Totals,IND,240,37,83,.446,6,25,.240,14,18,.778,13,41,54,13,8,7,19,24,94,,11/7/2021
Gary Trent Jr.,TOR,36:22,8,17,.471,5,11,.455,2,2,1.000,0,4,4,1,0,1,1,4,23,+23,11/19/2021
Scottie Barnes,TOR,33:09,1,8,.125,0,0,,0,0,,1,6,7,6,1,1,0,2,2,+2,11/19/2021
Fred VanVleet,TOR,31:52,5,14,.357,2,7,.286,1,1,1.000,2,1,3,6,2,0,7,3,13,+23,11/19/2021
Pascal Siakam,TOR,30:18,10,12,.833,3,3,1.000,9,10,.900,0,8,8,1,0,2,4,3,32,+19,11/19/2021
Khem Birch,TOR,22:57,4,7,.571,0,1,.000,2,4,.500,4,5,9,1,4,2,0,2,10,+17,11/19/2021
Precious Achiuwa,TOR,24:58,3,5,.600,0,0,,0,0,,1,4,5,2,0,0,1,1,6,0,11/19/2021
Chris Boucher,TOR,23:45,3,10,.300,1,4,.250,3,4,.750,3,9,12,1,1,2,0,3,10,+4,11/19/2021
Svi Mykhailiuk,TOR,19:35,3,8,.375,1,5,.200,1,1,1.000,1,1,2,0,1,1,1,3,8,+8,11/19/2021
Dalano Banton,TOR,10:57,1,2,.500,0,0,,2,2,1.000,1,2,3,1,0,0,0,2,4,+5,11/19/2021
Malachi Flynn,TOR,3:15,0,0,,0,0,,0,0,,0,0,0,1,0,0,0,0,0,-2,11/19/2021
Justin Champagnie,TOR,2:52,0,1,.000,0,0,,0,0,,0,0,0,0,0,0,0,1,0,-4,11/19/2021
Goran Dragić,TOR,Did Not Play,,,,,,,,,,,,,,,,,,,,11/19/2021
Team Totals,TOR,240,38,84,.452,12,31,.387,20,24,.833,13,40,53,20,9,9,14,24,108,,11/19/2021
Donovan Mitchell,UTA,31:59,11,22,.500,3,7,.429,1,1,1.000,0,5,5,5,1,0,3,3,26,+10,11/20/2021
Bojan Bogdanović,UTA,30:56,4,9,.444,2,5,.400,0,0,,0,4,4,1,1,0,1,0,10,+7,11/20/2021
Rudy Gobert,UTA,30:18,8,12,.667,0,1,.000,5,6,.833,7,7,14,1,1,1,2,3,21,+4,11/20/2021
Royce O'Neale,UTA,29:10,3,9,.333,2,6,.333,1,2,.500,3,2,5,4,0,0,1,2,9,+8,11/20/2021
Mike Conley,UTA,26:23,7,10,.700,3,4,.750,0,0,,0,1,1,2,0,0,2,1,17,+1,11/20/2021
Jordan Clarkson,UTA,23:46,5,13,.385,3,7,.429,3,4,.750,2,2,4,3,0,0,1,2,16,+20,11/20/2021
Joe Ingles,UTA,23:29,3,6,.500,3,6,.500,0,0,,0,1,1,3,2,0,0,1,9,+15,11/20/2021
Hassan Whiteside,UTA,17:42,3,5,.600,0,0,,4,4,1.000,2,8,10,0,0,1,0,3,10,+14,11/20/2021
Rudy Gay,UTA,17:04,1,4,.250,1,3,.333,0,0,,0,6,6,1,0,0,1,1,3,+11,11/20/2021
Trent Forrest,UTA,5:41,1,1,1.000,0,0,,0,0,,0,1,1,0,0,0,0,0,2,+2,11/20/2021
Miye Oni,UTA,1:46,0,0,,0,0,,0,0,,0,0,0,0,0,0,0,0,0,-1,11/20/2021
Eric Paschall,UTA,1:46,0,0,,0,0,,0,0,,0,1,1,0,0,0,0,0,0,-1,11/20/2021
Team Totals,UTA,240,46,91,.505,17,39,.436,14,17,.824,14,38,52,20,5,2,11,16,123,,11/20/2021
Dejounte Murray,SAS,35:11,11,17,.647,0,0,,3,4,.750,0,7,7,9,1,0,2,2,25,-9,12/19/2021
Jakob Poeltl,SAS,33:48,2,10,.200,0,0,,0,0,,5,3,8,3,1,2,1,3,4,-11,12/19/2021
Keldon Johnson,SAS,31:51,5,14,.357,2,5,.400,4,4,1.000,2,9,11,1,2,0,2,2,16,-9,12/19/2021
Devin Vassell,SAS,27:46,5,7,.714,1,3,.333,0,0,,0,2,2,1,0,1,2,1,11,-4,12/19/2021
Derrick White,SAS,24:44,2,8,.250,0,3,.000,1,1,1.000,1,0,1,2,1,1,1,0,5,-18,12/19/2021
Bryn Forbes,SAS,26:17,7,12,.583,4,8,.500,0,0,,0,1,1,0,1,1,3,1,18,+7,12/19/2021
Lonnie Walker IV,SAS,25:12,8,16,.500,3,4,.750,0,0,,2,1,3,4,0,0,0,1,19,-13,12/19/2021
Jock Landale,SAS,10:51,1,2,.500,1,1,1.000,4,4,1.000,1,1,2,0,1,0,1,1,7,+7,12/19/2021
Keita Bates-Diop,SAS,10:39,3,3,1.000,1,1,1.000,0,0,,0,4,4,0,0,2,0,1,7,+10,12/19/2021
Tre Jones,SAS,10:20,0,0,,0,0,,0,0,,0,3,3,4,0,0,1,0,0,+8,12/19/2021
Drew Eubanks,SAS,3:21,1,2,.500,0,0,,0,0,,2,0,2,0,0,1,1,0,2,-3,12/19/2021
Thaddeus Young,SAS,Did Not Play,,,,,,,,,,,,,,,,,,,,12/19/2021
Team Totals,SAS,240,45,91,.495,12,25,.480,12,13,.923,13,31,44,24,7,8,14,12,114,,12/19/2021
Jalen Green,HOU,32:11,5,18,.278,1,6,.167,0,0,,1,1,2,4,0,0,0,1,11,-15,1/14/2022
Kevin Porter Jr.,HOU,31:29,7,16,.438,1,7,.143,1,1,1.000,2,5,7,8,2,0,2,1,16,-11,1/14/2022
Jae'Sean Tate,HOU,31:18,7,13,.538,1,4,.250,2,3,.667,5,5,10,8,2,1,1,5,17,-6,1/14/2022
Eric Gordon,HOU,28:47,6,9,.667,4,7,.571,0,0,,0,3,3,1,0,0,0,1,16,-1,1/14/2022
Christian Wood,HOU,26:22,8,15,.533,4,7,.571,6,6,1.000,0,8,8,0,2,1,2,5,26,+5,1/14/2022
Garrison Mathews,HOU,21:59,0,4,.000,0,3,.000,0,0,,0,4,4,0,0,0,0,2,0,-5,1/14/2022
KJ Martin,HOU,18:25,1,8,.125,0,3,.000,0,0,,1,5,6,0,0,0,2,0,2,-12,1/14/2022
Josh Christopher,HOU,18:04,3,6,.500,0,1,.000,0,0,,1,1,2,2,1,0,3,0,6,-2,1/14/2022
Alperen Şengün,HOU,13:45,4,6,.667,0,2,.000,1,2,.500,2,2,4,2,0,1,2,2,9,-10,1/14/2022
D.J. Augustin,HOU,11:30,3,4,.750,2,2,1.000,3,4,.750,0,2,2,0,0,0,3,0,11,-2,1/14/2022
Daniel Theis,HOU,6:10,0,2,.000,0,1,.000,0,0,,1,1,2,0,0,1,1,2,0,-1,1/14/2022
Armoni Brooks,HOU,Did Not Play,,,,,,,,,,,,,,,,,,,,1/14/2022
David Nwaba,HOU,Did Not Play,,,,,,,,,,,,,,,,,,,,1/14/2022
Team Totals,HOU,240,44,101,.436,13,43,.302,13,16,.813,13,37,50,25,7,4,16,19,114,,1/14/2022
Jayson Tatum,BOS,34:09,12,16,.750,7,10,.700,1,1,1.000,0,5,5,4,0,0,2,1,32,+40,3/18/2022
Jaylen Brown,BOS,28:09,11,18,.611,3,5,.600,5,8,.625,1,2,3,0,2,0,2,2,30,-5,3/18/2022
Marcus Smart,BOS,27:06,3,9,.333,2,5,.400,1,2,.500,1,3,4,8,4,0,1,2,9,-2,3/18/2022
Al Horford,BOS,21:46,3,9,.333,0,1,.000,0,0,,1,8,9,2,1,0,1,2,6,-10,3/18/2022
Robert Williams,BOS,18:48,2,3,.667,0,0,,0,0,,1,3,4,1,0,1,1,3,4,+11,3/18/2022
Derrick White,BOS,30:39,2,8,.250,1,5,.200,2,2,1.000,0,2,2,5,1,0,3,4,7,+10,3/18/2022
Grant Williams,BOS,28:50,2,6,.333,2,5,.400,1,2,.500,0,3,3,3,0,0,0,5,7,+17,3/18/2022
Daniel Theis,BOS,22:20,4,6,.667,1,3,.333,2,2,1.000,1,4,5,2,2,0,2,4,11,+28,3/18/2022
Payton Pritchard,BOS,20:54,5,5,1.000,4,4,1.000,0,0,,1,4,5,8,1,0,0,0,14,+31,3/18/2022
Sam Hauser,BOS,3:25,1,1,1.000,1,1,1.000,0,0,,0,2,2,0,0,0,1,0,3,+9,3/18/2022
Malik Fitts,BOS,1:57,1,1,1.000,1,1,1.000,0,0,,0,1,1,0,0,0,0,0,3,+8,3/18/2022
Nik Stauskas,BOS,1:57,0,0,,0,0,,0,0,,0,0,0,0,0,0,0,0,0,+8,3/18/2022
Team Totals,BOS,240,46,82,.561,22,40,.550,12,17,.706,6,37,43,33,11,1,13,23,126,,3/18/2022
Mikal Bridges,PHO,50:10,9,18,.500,2,6,.333,7,8,.875,0,2,2,1,2,0,0,1,27,0,3/20/2022
Devin Booker,PHO,37:22,11,21,.524,2,5,.400,7,7,1.000,0,7,7,5,1,0,3,6,31,+3,3/20/2022
Deandre Ayton,PHO,27:03,5,6,.833,0,0,,2,2,1.000,1,9,10,2,0,0,2,6,12,-6,3/20/2022
Jae Crowder,PHO,21:43,2,7,.286,2,6,.333,0,0,,0,3,3,4,2,0,1,1,6,-11,3/20/2022
Elfrid Payton,PHO,18:02,0,3,.000,0,0,,1,2,.500,1,3,4,2,3,2,3,1,1,-13,3/20/2022
Torrey Craig,PHO,31:22,3,7,.429,0,1,.000,0,0,,1,9,10,2,2,0,2,2,6,+12,3/20/2022
Landry Shamet,PHO,30:30,7,11,.636,5,9,.556,2,3,.667,0,2,2,1,1,1,1,3,21,+3,3/20/2022
Aaron Holiday,PHO,22:48,4,10,.400,1,1,1.000,0,0,,2,3,5,7,1,0,3,1,9,+13,3/20/2022
JaVale McGee,PHO,17:24,5,8,.625,0,0,,4,5,.800,5,2,7,1,0,2,1,6,14,+10,3/20/2022
Bismack Biyombo,PHO,8:20,0,1,.000,0,0,,0,0,,0,0,0,0,0,0,1,3,0,+4,3/20/2022
Ish Wainright,PHO,0:16,0,0,,0,0,,0,0,,0,0,0,0,0,0,0,0,0,0,3/20/2022
Cameron Payne,PHO,Did Not Dress,,,,,,,,,,,,,,,,,,,,3/20/2022
Team Totals,PHO,265,46,92,.500,12,28,.429,23,27,.852,10,40,50,25,12,5,17,30,127,,3/20/2022
CJ McCollum,NOP,37:09,9,16,.563,3,6,.500,4,8,.500,0,3,3,4,0,0,4,1,25,+11,3/30/2022
Jonas Valančiūnas,NOP,35:11,8,11,.727,0,2,.000,3,4,.750,5,6,11,4,4,0,4,4,19,+12,3/30/2022
Herbert Jones,NOP,30:45,1,6,.167,0,1,.000,0,0,,0,1,1,5,4,1,1,3,2,+7,3/30/2022
Brandon Ingram,NOP,27:47,4,12,.333,0,2,.000,11,13,.846,1,5,6,6,1,0,1,2,19,+4,3/30/2022
Jaxson Hayes,NOP,21:52,6,9,.667,1,2,.500,5,6,.833,2,1,3,0,1,2,0,1,18,+7,3/30/2022
Trey Murphy III,NOP,23:10,3,9,.333,2,6,.333,2,2,1.000,2,4,6,0,1,0,1,2,10,-4,3/30/2022
Larry Nance Jr.,NOP,21:43,4,6,.667,0,1,.000,0,0,,1,3,4,0,0,1,0,1,8,+4,3/30/2022
Devonte' Graham,NOP,15:44,1,5,.200,0,4,.000,0,0,,0,2,2,1,0,1,0,0,2,+2,3/30/2022
Jose Alvarado,NOP,15:20,3,3,1.000,0,0,,0,0,,1,2,3,3,4,0,2,1,6,+3,3/30/2022
Naji Marshall,NOP,11:19,1,1,1.000,0,0,,6,6,1.000,0,1,1,3,1,1,1,1,8,+4,3/30/2022
Gary Clark,NOP,Did Not Play,,,,,,,,,,,,,,,,,,,,3/30/2022
Willy Hernangómez,NOP,Did Not Play,,,,,,,,,,,,,,,,,,,,3/30/2022
Tony Snell,NOP,Did Not Play,,,,,,,,,,,,,,,,,,,,3/30/2022
Garrett Temple,NOP,Did Not Play,,,,,,,,,,,,,,,,,,,,3/30/2022
Team Totals,NOP,240,40,78,.513,6,24,.250,31,39,.795,12,28,40,26,16,6,14,16,117,,3/30/2022
Paul George,LAC,38:35,16,31,.516,3,10,.300,5,5,1.000,2,4,6,6,2,1,4,2,40,-4,10/22/2022
Norman Powell,LAC,32:02,1,10,.100,0,2,.000,2,2,1.000,0,3,3,4,0,0,2,0,4,-1,10/22/2022
Reggie Jackson,LAC,26:46,4,5,.800,3,3,1.000,3,3,1.000,0,2,2,5,1,0,3,2,14,0,10/22/2022
Ivica Zubac,LAC,24:10,4,7,.571,0,0,,2,2,1.000,1,7,8,1,0,1,1,3,10,+4,10/22/2022
Marcus Morris,LAC,21:02,4,7,.571,1,1,1.000,0,0,,0,5,5,2,1,0,0,5,9,+2,10/22/2022
Nicolas Batum,LAC,28:01,3,3,1.000,1,1,1.000,0,0,,1,4,5,3,2,1,1,5,7,-3,10/22/2022
Luke Kennard,LAC,27:54,4,11,.364,1,4,.250,2,2,1.000,0,1,1,0,0,0,0,0,11,+15,10/22/2022
Robert Covington,LAC,22:04,2,3,.667,0,1,.000,4,4,1.000,0,7,7,2,2,0,1,2,8,-3,10/22/2022
Terance Mann,LAC,14:52,2,3,.667,0,0,,1,2,.500,1,1,2,1,0,0,0,2,5,0,10/22/2022
Amir Coffey,LAC,4:34,1,1,1.000,0,0,,1,2,.500,0,1,1,0,0,0,1,0,3,0,10/22/2022
Brandon Boston Jr.,LAC,Did Not Play,,,,,,,,,,,,,,,,,,,,10/22/2022
Moses Brown,LAC,Did Not Play,,,,,,,,,,,,,,,,,,,,10/22/2022
Moussa Diabaté,LAC,Did Not Play,,,,,,,,,,,,,,,,,,,,10/22/2022
Jason Preston,LAC,Did Not Play,,,,,,,,,,,,,,,,,,,,10/22/2022
Team Totals,LAC,240,41,81,.506,9,22,.409,20,22,.909,5,35,40,24,8,3,13,21,111,,10/22/2022
Desmond Bane,MEM,33:19,11,18,.611,6,8,.750,3,4,.750,1,5,6,4,0,0,1,2,31,+13,10/27/2022
Ja Morant,MEM,31:30,8,18,.444,1,3,.333,5,5,1.000,1,4,5,6,0,0,3,1,22,+2,10/27/2022
Santi Aldama,MEM,29:53,2,6,.333,0,4,.000,0,0,,0,2,2,1,2,2,0,4,4,+1,10/27/2022
Dillon Brooks,MEM,26:15,4,12,.333,3,6,.500,0,0,,0,2,2,2,0,0,2,1,11,-7,10/27/2022
Steven Adams,MEM,23:53,6,9,.667,0,0,,0,3,.000,7,4,11,4,0,0,4,4,12,+2,10/27/2022
Jake LaRavia,MEM,29:50,5,6,.833,3,4,.750,0,0,,2,7,9,1,1,0,0,5,13,+24,10/27/2022
Tyus Jones,MEM,23:33,6,11,.545,1,4,.250,1,1,1.000,0,2,2,5,0,0,1,1,14,+18,10/27/2022
Brandon Clarke,MEM,22:33,6,8,.750,0,1,.000,4,5,.800,0,3,3,3,2,1,1,0,16,+11,10/27/2022
David Roddy,MEM,18:15,1,4,.250,0,3,.000,0,0,,0,3,3,1,0,0,0,0,2,+11,10/27/2022
Kennedy Chandler,MEM,0:34,0,0,,0,0,,0,0,,0,0,0,0,0,0,0,0,0,0,10/27/2022
Kenneth Lofton Jr.,MEM,0:25,0,0,,0,0,,0,0,,0,0,0,0,0,0,0,0,0,0,10/27/2022
Xavier Tillman Sr.,MEM,Did Not Play,,,,,,,,,,,,,,,,,,,,10/27/2022
Vince Williams Jr.,MEM,Did Not Play,,,,,,,,,,,,,,,,,,,,10/27/2022
Team Totals,MEM,240,49,92,.533,14,33,.424,13,18,.722,11,32,43,27,5,3,12,18,125,,10/27/2022
Kelly Oubre Jr.,CHO,38:27,12,25,.480,3,8,.375,4,6,.667,1,8,9,1,1,1,4,2,31,+1,12/19/2022
Gordon Hayward,CHO,36:43,8,12,.667,1,2,.500,2,2,1.000,1,4,5,1,1,0,4,2,19,+18,12/19/2022
P.J. Washington,CHO,29:03,1,6,.167,1,4,.250,0,0,,1,8,9,2,0,1,0,5,3,-5,12/19/2022
LaMelo Ball,CHO,27:28,9,19,.474,5,10,.500,0,0,,1,4,5,12,0,0,2,6,23,+3,12/19/2022
Mason Plumlee,CHO,25:08,7,8,.875,0,0,,1,2,.500,0,4,4,3,0,3,1,3,15,-4,12/19/2022
Théo Maledon,CHO,26:04,4,10,.400,0,3,.000,4,6,.667,0,7,7,3,1,0,0,2,12,+6,12/19/2022
Jalen McDaniels,CHO,25:50,1,5,.200,0,4,.000,4,4,1.000,1,2,3,2,0,2,2,2,6,+3,12/19/2022
Nick Richards,CHO,22:52,6,9,.667,0,0,,2,3,.667,5,6,11,2,1,0,1,3,14,+10,12/19/2022
JT Thor,CHO,8:24,1,1,1.000,0,0,,0,0,,1,2,3,0,0,0,0,0,2,-2,12/19/2022
James Bouknight,CHO,Did Not Play,,,,,,,,,,,,,,,,,,,,12/19/2022
Kai Jones,CHO,Did Not Play,,,,,,,,,,,,,,,,,,,,12/19/2022
Team Totals,CHO,240,49,95,.516,10,31,.323,17,23,.739,11,45,56,26,4,7,14,25,125,,12/19/2022
Shai Gilgeous-Alexander,OKC,37:30,16,23,.696,2,3,.667,3,4,.750,1,0,1,7,2,0,0,0,37,-10,1/20/2023
Luguentz Dort,OKC,35:20,5,13,.385,3,5,.600,2,2,1.000,0,3,3,2,1,0,0,6,15,-3,1/20/2023
Jalen Williams,OKC,31:30,5,9,.556,1,3,.333,2,2,1.000,0,1,1,2,1,0,3,5,13,-3,1/20/2023
Josh Giddey,OKC,29:37,7,13,.538,1,4,.250,0,0,,3,7,10,5,0,1,2,1,15,+8,1/20/2023
Jaylin Williams,OKC,24:49,2,6,.333,0,1,.000,0,1,.000,0,6,6,2,0,0,1,1,4,-4,1/20/2023
Isaiah Joe,OKC,29:21,7,13,.538,7,12,.583,0,0,,1,5,6,0,0,0,0,2,21,0,1/20/2023
Kenrich Williams,OKC,25:56,1,8,.125,1,6,.167,0,2,.000,3,3,6,3,0,0,1,1,3,+2,1/20/2023
Mike Muscala,OKC,11:21,1,5,.200,1,5,.200,0,0,,0,2,2,0,0,0,1,1,3,-8,1/20/2023
Lindy Waters III,OKC,7:23,0,1,.000,0,1,.000,0,0,,0,0,0,0,0,0,0,2,0,-8,1/20/2023
Tre Mann,OKC,7:13,1,2,.500,0,0,,0,0,,0,1,1,0,0,0,1,1,2,+1,1/20/2023
Darius Bazley,OKC,Did Not Play,,,,,,,,,,,,,,,,,,,,1/20/2023
Aaron Wiggins,OKC,Did Not Play,,,,,,,,,,,,,,,,,,,,1/20/2023
Team Totals,OKC,240,45,93,.484,16,40,.400,7,11,.636,8,28,36,21,4,1,9,20,113,,1/20/2023
Tyrese Maxey,PHI,41:17,12,29,.414,2,8,.250,6,6,1.000,0,3,3,6,0,0,2,2,32,-4,1/21/2023
Montrezl Harrell,PHI,33:07,7,8,.875,0,0,,3,5,.600,5,2,7,2,0,1,0,2,17,-1,1/21/2023
De'Anthony Melton,PHI,31:19,4,8,.500,2,4,.500,4,4,1.000,2,5,7,5,3,1,4,3,14,-4,1/21/2023
Tobias Harris,PHI,25:10,7,13,.538,2,6,.333,1,1,1.000,0,5,5,6,0,0,5,6,17,-3,1/21/2023
P.J. Tucker,PHI,19:13,0,1,.000,0,1,.000,0,0,,1,2,3,0,0,0,0,3,0,-14,1/21/2023
Shake Milton,PHI,29:34,5,12,.417,1,2,.500,4,5,.800,2,4,6,7,1,0,1,2,15,0,1/21/2023
Georges Niang,PHI,27:02,7,12,.583,3,5,.600,0,0,,2,4,6,1,0,0,2,1,17,+21,1/21/2023
Paul Reed,PHI,14:47,4,6,.667,0,0,,1,2,.500,4,3,7,0,0,1,1,4,9,+2,1/21/2023
Matisse Thybulle,PHI,13:03,1,1,1.000,0,0,,0,0,,0,2,2,0,0,0,0,3,2,+3,1/21/2023
Danuel House Jr.,PHI,5:28,2,3,.667,2,2,1.000,0,0,,0,0,0,0,0,0,0,0,6,+10,1/21/2023
Joel Embiid,PHI,Did Not Dress,,,,,,,,,,,,,,,,,,,,1/21/2023
Furkan Korkmaz,PHI,Did Not Play,,,,,,,,,,,,,,,,,,,,1/21/2023
Jaden Springer,PHI,Did Not Play,,,,,,,,,,,,,,,,,,,,1/21/2023
Team Totals,PHI,240,49,93,.527,12,28,.429,19,23,.826,16,30,46,27,4,3,15,26,129,,1/21/2023
Jalen Williams,OKC,39:47,10,19,.526,3,6,.500,2,2,1.000,3,4,7,2,6,1,3,3,25,+11,2/7/23
Shai Gilgeous-Alexander,OKC,37:41,9,17,.529,1,1,1.000,11,12,.917,0,2,2,8,2,0,4,5,30,-2,2/7/23
Josh Giddey,OKC,34:55,10,19,.526,0,3,.000,0,0,,1,4,5,6,0,0,4,2,20,-1,2/7/23
Jaylin Williams,OKC,30:40,4,6,.667,2,2,1.000,4,4,1.000,1,6,7,7,2,0,0,1,14,+2,2/7/23
Kenrich Williams,OKC,29:43,3,6,.500,1,4,.250,1,2,.500,1,3,4,5,1,0,1,2,8,-12,2/7/23
Isaiah Joe,OKC,23:02,5,11,.455,5,10,.500,0,0,,1,4,5,2,0,0,0,1,15,+15,2/7/23
Aaron Wiggins,OKC,21:43,2,5,.400,1,1,1.000,0,0,,0,3,3,0,0,1,0,3,5,+4,2/7/23
Mike Muscala,OKC,17:20,6,10,.600,4,7,.571,0,0,,0,4,4,2,1,0,0,1,16,+1,2/7/23
Tre Mann,OKC,5:09,0,1,.000,0,0,,0,0,,0,0,0,0,0,0,0,0,0,-3,2/7/23
Darius Bazley,OKC,Did Not Play,,,,,,,,,,,,,,,,,,,,2/7/23
Eugene Omoruyi,OKC,Did Not Play,,,,,,,,,,,,,,,,,,,,2/7/23
Lindy Waters III,OKC,Did Not Play,,,,,,,,,,,,,,,,,,,,2/7/23
Team Totals,OKC,240,49,94,.521,17,34,.500,18,20,.900,7,30,37,32,12,2,12,18,133,,2/7/23
Brook Lopez,MIL,36:35,9,14,.643,4,6,.667,1,2,.500,1,7,8,4,0,3,1,4,23,+21,3/13/2023
Jrue Holiday,MIL,34:23,4,9,.444,1,5,.200,2,3,.667,1,5,6,8,1,1,1,2,11,+23,3/13/2023
Giannis Antetokounmpo,MIL,33:57,19,28,.679,2,2,1.000,6,7,.857,1,11,12,4,1,0,5,2,46,+15,3/13/2023
Khris Middleton,MIL,33:48,9,15,.600,5,8,.625,8,8,1.000,0,3,3,9,0,0,0,2,31,+5,3/13/2023
Grayson Allen,MIL,28:20,3,6,.500,2,4,.500,0,0,,0,3,3,1,0,0,3,2,8,-3,3/13/2023
Pat Connaughton,MIL,21:28,1,3,.333,0,2,.000,0,0,,0,3,3,1,0,0,1,2,2,-1,3/13/2023
Jae Crowder,MIL,19:21,2,5,.400,0,2,.000,0,0,,1,3,4,2,0,0,0,2,4,-2,3/13/2023
Bobby Portis,MIL,18:52,1,1,1.000,0,0,,1,2,.500,1,2,3,0,0,0,1,1,3,+1,3/13/2023
Jevon Carter,MIL,13:12,2,5,.400,1,4,.250,0,0,,0,1,1,0,0,0,0,1,5,-14,3/13/2023
Thanasis Antetokounmpo,MIL,Did Not Play,,,,,,,,,,,,,,,,,,,,3/13/2023
MarJon Beauchamp,MIL,Did Not Play,,,,,,,,,,,,,,,,,,,,3/13/2023
Goran Dragić,MIL,Did Not Play,,,,,,,,,,,,,,,,,,,,3/13/2023
A.J. Green,MIL,Did Not Play,,,,,,,,,,,,,,,,,,,,3/13/2023
Meyers Leonard,MIL,Did Not Play,,,,,,,,,,,,,,,,,,,,3/13/2023
Wesley Matthews,MIL,Did Not Play,,,,,,,,,,,,,,,,,,,,3/13/2023
Team Totals,MIL,240,50,86,.581,15,33,.455,18,22,.818,5,38,43,29,2,4,12,18,133,,3/13/2023
Ochai Agbaji,UTA,36:01,8,15,.533,3,7,.429,1,2,.500,1,2,3,4,0,3,1,0,20,-10,3/25/2023
Walker Kessler,UTA,33:48,14,16,.875,0,0,,3,6,.500,4,7,11,2,1,1,1,4,31,-2,3/25/2023
Kelly Olynyk,UTA,32:18,7,12,.583,0,2,.000,3,3,1.000,0,8,8,10,1,0,4,3,17,-11,3/25/2023
Simone Fontecchio,UTA,28:49,2,10,.200,1,5,.200,0,0,,0,3,3,1,0,0,2,3,5,-4,3/25/2023
Talen Horton-Tucker,UTA,28:02,3,10,.300,1,3,.333,2,2,1.000,0,2,2,4,0,1,2,1,9,-10,3/25/2023
Kris Dunn,UTA,25:46,5,11,.455,1,2,.500,1,3,.333,0,4,4,5,0,0,3,1,12,+2,3/25/2023
Jarrell Brantley,UTA,15:49,5,8,.625,3,5,.600,0,0,,1,1,2,1,0,1,1,2,13,+2,3/25/2023
Juan Toscano-Anderson,UTA,12:09,1,2,.500,0,1,.000,0,0,,0,2,2,1,0,0,1,0,2,-3,3/25/2023
Udoka Azubuike,UTA,10:22,1,2,.500,0,0,,0,0,,3,3,6,1,0,0,1,0,2,-4,3/25/2023
Johnny Juzang,UTA,9:33,1,5,.200,0,3,.000,0,0,,1,1,2,0,0,0,0,0,2,-4,3/25/2023
Damian Jones,UTA,7:23,0,0,,0,0,,0,0,,1,1,2,1,1,1,0,0,0,+4,3/25/2023
Micah Potter,UTA,Did Not Play,,,,,,,,,,,,,,,,,,,,3/25/2023
Team Totals,UTA,240,47,91,.516,9,28,.321,10,16,.625,11,34,45,30,3,7,16,14,113,,3/25/2023
Shai Gilgeous-Alexander,OKC,37:41,14,25,.560,0,2,.000,5,6,.833,0,7,7,5,2,2,2,1,33,-3,11/10/2023
Jalen Williams,OKC,31:29,6,14,.429,0,3,.000,2,2,1.000,0,5,5,2,1,0,3,1,14,-14,11/10/2023
Chet Holmgren,OKC,29:36,5,12,.417,0,3,.000,2,3,.667,1,6,7,1,1,1,4,2,12,-13,11/10/2023
Josh Giddey,OKC,26:35,6,10,.600,0,1,.000,1,1,1.000,1,3,4,5,0,0,4,1,13,-19,11/10/2023
Luguentz Dort,OKC,25:20,2,5,.400,2,3,.667,2,2,1.000,2,4,6,2,3,1,2,4,8,-11,11/10/2023
Cason Wallace,OKC,23:50,3,7,.429,2,5,.400,0,0,,1,2,3,2,0,1,0,1,8,+3,11/10/2023
Isaiah Joe,OKC,20:15,3,9,.333,3,8,.375,0,0,,0,1,1,0,1,0,1,0,9,+13,11/10/2023
Lindy Waters III,OKC,19:13,0,2,.000,0,2,.000,0,0,,0,0,0,2,0,0,0,1,0,+3,11/10/2023
Jaylin Williams,OKC,18:24,0,2,.000,0,2,.000,1,2,.500,0,4,4,2,1,0,0,3,1,+6,11/10/2023
Ousmane Dieng,OKC,7:37,0,1,.000,0,1,.000,0,0,,0,1,1,1,0,0,0,1,0,0,11/10/2023
Dāvis Bertāns,OKC,Did Not Play,,,,,,,,,,,,,,,,,,,,11/10/2023
Tre Mann,OKC,Did Not Play,,,,,,,,,,,,,,,,,,,,11/10/2023
Vasilije Micić,OKC,Did Not Play,,,,,,,,,,,,,,,,,,,,11/10/2023
Aleksej Pokusevski,OKC,Did Not Play,,,,,,,,,,,,,,,,,,,,11/10/2023
Aaron Wiggins,OKC,Did Not Play,,,,,,,,,,,,,,,,,,,,11/10/2023
Team Totals,OKC,240,39,87,.448,7,30,.233,13,16,.813,5,33,38,22,9,5,16,15,98,,11/10/2023
Devin Booker,PHO,36:28,9,20,.450,0,3,.000,6,9,.667,2,2,4,7,0,0,0,1,24,-24,12/22/2023
Kevin Durant,PHO,34:04,9,14,.643,2,3,.667,8,9,.889,0,7,7,2,1,0,7,0,28,-14,12/22/2023
Grayson Allen,PHO,29:57,4,10,.400,3,6,.500,0,0,,2,2,4,2,3,1,1,1,11,-20,12/22/2023
Eric Gordon,PHO,24:43,0,2,.000,0,1,.000,0,0,,0,4,4,2,0,1,0,1,0,-25,12/22/2023
Drew Eubanks,PHO,14:34,1,3,.333,0,0,,0,0,,1,1,2,0,1,0,2,2,2,-23,12/22/2023
Udoka Azubuike,PHO,22:22,5,5,1.000,0,0,,1,2,.500,5,6,11,2,0,1,1,4,11,+1,12/22/2023
Saben Lee,PHO,19:43,2,8,.250,0,3,.000,2,2,1.000,1,2,3,4,1,1,1,2,6,+11,12/22/2023
Nassir Little,PHO,16:04,3,8,.375,0,3,.000,0,0,,0,0,0,0,1,0,1,3,6,0,12/22/2023
Jordan Goodwin,PHO,14:00,1,6,.167,0,1,.000,1,2,.500,2,1,3,0,1,0,1,2,3,+5,12/22/2023
Chimezie Metu,PHO,13:01,3,6,.500,0,2,.000,4,4,1.000,1,3,4,0,0,0,1,1,10,+5,12/22/2023
Yuta Watanabe,PHO,11:42,1,4,.250,0,3,.000,0,0,,0,2,2,0,0,0,0,2,2,+5,12/22/2023
Bol Bol,PHO,3:22,1,2,.500,0,0,,0,0,,1,0,1,0,0,0,0,0,2,+4,12/22/2023
Keita Bates-Diop,PHO,Did Not Play,,,,,,,,,,,,,,,,,,,,12/22/2023
Team Totals,PHO,240,39,88,.443,5,25,.200,22,28,.786,15,30,45,19,8,4,15,19,105,,12/22/2023
